Price,Close,High,Low,Open,Volume
Ticker,AAPL,AAPL,AAPL,AAPL,AAPL
Date,,,,,
2020-01-02,72.53849792480469,72.59887623049032,71.29228881100529,71.54587474672552,135480400
2020-01-03,71.8332748413086,72.59404000584014,71.60866931689996,71.76565143491464,146322800
2020-01-06,72.40567779541016,72.44432080433776,70.7030121336898,70.95418800651902,118387200
2020-01-07,72.06514739990234,72.67134068922641,71.84536944211234,72.41533721540509,108872000
2020-01-08,73.22441864013672,73.52631026770732,71.76809372355218,71.76809372355218,132079200
2020-01-09,74.77974700927734,74.97295465655091,73.95135835025293,74.20252681762871,170108400
2020-01-10,74.94880676269531,75.51395427727236,74.446462424671,75.01402005997716,140644800
2020-01-13,76.55003356933594,76.5766038580251,75.14684225138329,75.2651887494365,121532000
2020-01-14,75.51638793945312,76.6973916872814,75.39322115027991,76.48727626476031,161954400
2020-01-15,75.19274139404297,76.19743749233605,74.76043057245047,75.31591552157606,121923600
2020-01-16,76.13465118408203,76.24575261001203,75.37388575466262,75.73615570871007,108829200
2020-01-17,76.9775161743164,76.97992629479913,76.07666915290817,76.3833883085302,137816400
2020-01-21,76.45587158203125,77.04757477909159,76.31820722415463,76.60560865744733,110843200
2020-01-22,76.72877502441406,77.28183515069573,76.63458130371416,76.94130052804331,101832400
2020-01-23,77.09830474853516,77.17800090627688,76.23368287998045,76.78192286864785,104472000
2020-01-24,76.8760757446289,78.08846950735138,76.6852782289865,77.34461200102739,146537600
2020-01-27,74.61553192138672,75.29659377968004,73.63257108817264,74.88360812840847,161940000
2020-01-28,76.72635650634766,76.89782887589077,75.39803343183497,75.4970547636558,162234000
2020-01-29,78.33243560791016,79.18014978763938,77.6175581870776,78.35900590785037,216229200
2020-01-30,78.2188720703125,78.27200526448587,76.9823257736202,77.41463642755821,126743200
2020-01-31,74.7507553100586,77.93148012958939,74.45610890170556,77.50883201590912,199588400
2020-02-03,74.54548645019531,75.71199229580401,72.99014040911702,73.49248476536589,173788400
2020-02-04,77.00651550292969,77.197313069489,75.74581580955447,76.15155637582674,136616400
2020-02-05,77.63445281982422,78.43386124893598,77.03066957303884,78.13437974665777,118826800
2020-02-06,78.54253387451172,78.544951365906,77.34704752803583,77.90494263047137,105425600
2020-02-07,77.47491455078125,78.29074458151754,76.98347942731122,78.04139587134095,117684000
2020-02-10,77.84291076660156,77.84291076660156,75.97884915779663,76.05873445176091,109348800
2020-02-11,77.37326049804688,78.4118136218486,77.15538413187909,78.33919062909048,94323200
2020-02-12,79.210693359375,79.215532428976,77.82353527181141,77.82353527181141,113730400
2020-02-13,78.6466293334961,78.97344754144679,78.27866056338509,78.48201230906955,94747600
2020-02-14,78.66600799560547,78.91535678515409,78.15762488828393,78.61516451334795,80113600
2020-02-18,77.22557067871094,77.40713550005586,76.16280771158402,76.34437253292894,152531200
2020-02-19,78.34402465820312,78.57400976696101,77.46767279180867,77.46767279180867,93984000
2020-02-20,77.540283203125,78.59336068691168,77.0343234338156,78.10434874137093,100566000
2020-02-21,75.78516387939453,77.57660960627356,75.1678463572217,77.13358724414647,129554000
2020-02-24,72.18534851074219,73.63786746473984,70.01867883709842,71.9626330750162,222195200
2020-02-25,69.74024963378906,73.23840120801118,69.26818556775696,72.85590793147738,230673600
2020-02-26,70.84658813476562,72.11270274954929,69.35775815457548,69.36502045153675,198054800
2020-02-27,66.21549224853516,69.23673421957639,66.07992440892687,68.0505119290574,320605600
2020-02-28,66.1767349243164,67.39927568012675,62.063689342092786,62.279149784822394,426510000
2020-03-02,72.33784484863281,72.97453333535833,67.23224297649529,68.3361564954498,341397200
2020-03-03,70.04045104980469,73.59427823904339,69.18830204720706,73.5143929639958,319475600
2020-03-04,73.28926849365234,73.44904647858813,70.96282065269989,71.76412641873794,219178400
2020-03-05,70.9119644165039,72.51699133415363,70.54641152199336,71.54138326049582,187572800
2020-03-06,69.97024536132812,70.40358216932741,68.08197403311165,68.26837793734198,226176800
2020-03-09,64.4361801147461,67.32184764683291,63.66876250235185,63.8503274144308,286744800
2020-03-10,69.07695770263672,69.34325431741347,65.21083618798149,67.09185293080515,285290000
2020-03-11,66.67786407470703,68.07954658211698,65.81361374090199,67.15235879986956,255598800
2020-03-12,60.09312438964844,65.36334796143669,60.037445534949256,61.959612728994784,418474000
2020-03-13,67.29278564453125,67.76485728131117,61.23578029525555,64.12629743078345,370732000
2020-03-16,58.63575744628906,62.71975075656297,58.10074479595678,58.572812608634756,322423600
2020-03-17,61.213985443115234,62.36389249089527,57.71341343349159,59.91882134064479,324056000
2020-03-18,59.7154655456543,60.52161388588787,57.40353915642415,58.04507047998226,300233600
2020-03-19,59.25791931152344,61.20913545401907,58.732592172693536,59.88976507646557,271857200
2020-03-20,55.49589157104492,60.96462284533057,55.19570308410046,59.838918789748014,401693200
2020-03-23,54.31693649291992,55.31675472983707,51.470001124172114,55.215078862447456,336752800
2020-03-24,59.76629638671875,59.96238579534628,56.720848788250144,57.219546221042535,287531200
2020-03-25,59.43706130981445,62.51882052847167,59.14171556978869,60.703172304024285,303602000
2020-03-26,62.56482696533203,62.62292535314042,59.64042200804535,59.67915672921516,252087200
2020-03-27,59.9744987487793,61.94265908510833,59.80745850642363,61.18735053944383,204216800
2020-03-30,61.68605041503906,61.85793342734731,60.376361777058186,60.700760441559225,167976400
2020-03-31,61.56016540527344,63.54527367451045,61.005789027148815,61.87730177654374,197002000
2020-04-01,58.321048736572266,60.21174335831203,57.890135142365466,59.67431113291772,176218400
2020-04-02,59.29422378540039,59.34748309215544,57.35027017067756,58.18304802836145,165934000
2020-04-03,58.442100524902344,59.48064994321993,57.85140889738694,58.77860059874803,129880000
2020-04-06,63.540428161621094,63.69535964141811,60.37151755059765,60.73948627952092,201820400
2020-04-07,62.804481506347656,65.77488676591214,62.70038611330759,65.55700306601591,202887200
2020-04-08,64.41195678710938,64.72666628175166,63.24025901440216,63.60580460540187,168895200
2020-04-09,64.87675476074219,65.38029878683781,64.080295544256,65.04864148440106,161834800
2020-04-13,66.15013122558594,66.25907309767462,64.35384627795469,64.95422341312944,131022800
2020-04-14,69.49090576171875,69.78141242863373,67.31212792353071,67.78419941029469,194994800
2020-04-15,68.85664367675781,69.3166064306414,67.93671816899065,68.36520850392205,131154400
2020-04-16,69.40376281738281,69.7693157098203,68.35310854308584,69.57080305380181,157125200
2020-04-17,68.46206665039062,69.46673164438027,67.02407209381113,68.9196137310725,215250000
2020-04-20,67.0409927368164,68.1909032698828,67.02162907324754,67.28792562164121,130015200
2020-04-21,64.9687271118164,67.11845556313274,64.25699249245112,66.88363145554771,180991600
2020-04-22,66.840087890625,67.27584066000009,65.8959519650496,66.2372874479201,116862400
2020-04-23,66.58103942871094,68.20786075083029,66.54230470819708,66.7843911704893,124814400
2020-04-24,68.50320434570312,68.51288987249583,67.05794791639367,67.10636816246496,126161200
2020-04-27,68.55162811279297,68.88328539052851,67.77210939351758,68.21996344716476,117087600
2020-04-28,67.44044494628906,69.19557183776718,67.3484582943587,69.01400698692461,112004800
2020-04-29,69.65554809570312,70.12519647509855,68.72593686507632,68.92928862916094,137280800
2020-04-30,71.125,71.30172577794379,69.80563320705274,70.19538886698345,183064000
2020-05-01,69.97994232177734,72.3838593560598,69.20042354088866,69.29725665776628,240616800
2020-05-04,70.97005462646484,71.09836013147505,69.31418442698012,70.00413219040487,133568000
2020-05-05,72.0352554321289,72.86803354943969,71.28478583493806,71.43003920663523,147751200
2020-05-06,72.77845001220703,73.41029209502018,72.35237549978946,72.73729206539267,142333600
2020-05-07,73.53133392333984,73.87752315205448,73.10284357834273,73.40545163246576,115215200
2020-05-08,75.28152465820312,75.33492815693087,73.86391326493965,74.19161621586483,133838400
2020-05-11,76.46607971191406,76.96126753964525,74.57997160607404,74.78873335955656,145946400
2020-05-12,75.59222412109375,77.60212591001033,75.47085322222706,77.15062231412254,162301200
2020-05-13,74.67950439453125,76.69426553932014,73.60173033825646,75.77184236444022,200622400
2020-05-14,75.13829040527344,75.19897584845612,73.19392643517533,73.91729958475361,158929200
2020-05-15,74.69406127929688,74.74018280409528,72.8734981674341,72.9074855679762,166348400
2020-05-18,76.45394897460938,76.8277733901168,75.3276309672179,76.01944652197729,135178400
2020-05-19,76.01216125488281,77.31810575212776,75.98060363958615,76.47093934712166,101729600
2020-05-20,77.4904556274414,77.56084540499204,76.8326201163857,76.87145968739159,111504800
2020-05-21,76.91272735595703,77.89340613060031,76.67483776673394,77.3520893444608,102688800
2020-05-22,77.40792083740234,77.49045214412094,76.54861296126474,76.65056034866812,81803200
2020-05-26,76.88361358642578,78.70659948141834,76.82778030514494,78.52697291852887,125522000
2020-05-27,77.21858978271484,77.3642363430493,76.00002862396322,76.7403955523751,112945200
2020-05-28,77.25257873535156,78.51240928442117,76.6165963973256,76.8933182003932,133560800
2020-05-29,77.17732238769531,77.9565214299296,76.82049167356892,77.49531352794295,153532400
2020-06-01,78.12643432617188,78.247805202115,77.00010904163223,77.13119166186011,80791200
2020-06-02,78.48812103271484,78.5123966906775,77.41762896521124,77.85942075330303,87642800
2020-06-03,78.92019653320312,79.18236177148373,78.2356630206697,78.80853740247117,104491200
2020-06-04,78.24053192138672,79.04157682827717,77.86670750782196,78.74300918140095,87560400
2020-06-05,80.46891021728516,80.5295956699377,78.46143811037989,78.49056594239036,137250400
2020-06-08,80.94466400146484,80.97865140314263,79.45423346951993,80.16546503775984,95654400
2020-06-09,83.50072479248047,83.89396520727647,80.59268362692559,80.62424123688398,147712400
2020-06-10,85.64899444580078,86.11748422497571,84.01048770475796,84.44984966046565,166651600
2020-06-11,81.53694915771484,85.21691483288278,81.43500177511659,84.79211678697995,201662400
2020-06-12,82.24090576171875,84.42558161332404,81.12915175448484,83.67794024802434,200146000
2020-06-15,83.25799560546875,83.91097154593938,80.73105294291301,80.8936931849323,138808800
2020-06-16,85.46451568603516,85.73639268013275,83.67793988645191,85.31401697994849,165428800
2020-06-17,85.34558868408203,86.27043435065384,85.22421778392413,86.2097489005749,114406400
2020-06-18,85.37957763671875,85.79709383713187,84.77029333637671,85.30189848131818,96820400
2020-06-19,84.89165496826172,86.55200784219969,83.7823232639959,86.08594777647562,264476000
2020-06-22,87.11274719238281,87.25596396315328,85.23878022993338,85.28490176382967,135445200
2020-06-23,88.97213745117188,90.39217823600704,87.93805517776225,88.35800109154899,212155600
2020-06-24,87.40159606933594,89.52073426597426,87.0277716909011,88.60074093656063,192623200
2020-06-25,88.56192016601562,88.6007597441656,86.79718989219901,87.5569729349939,137522400
2020-06-26,85.84078216552734,88.67843434218518,85.6927058184488,88.45753841975109,205256800
2020-06-29,87.81912994384766,87.91380280361521,85.27034099055639,85.74854264287053,130646000
2020-06-30,88.55220794677734,88.83864890811773,87.3870502400666,87.4064663250919,140223200
2020-07-01,88.38469696044922,89.17360766512026,88.33615305412683,88.6298685038104,110737200
2020-07-02,88.38469696044922,89.92853837615466,88.27061544704088,89.29255616257464,114041600
2020-07-06,90.74901580810547,91.21750566495867,89.78290085821105,89.81445847482968,118655600
2020-07-07,90.46743774414062,91.90689477197918,90.35577859564587,91.12769570514304,112424400
2020-07-08,92.57444763183594,92.60600525401361,91.35830873097584,91.4456996391519,117092000
2020-07-09,92.9725341796875,93.52112558076603,91.92388788228862,93.46772209132743,125642800
2020-07-10,93.13517761230469,93.19344068515322,91.95545594958702,92.56716265530444,90257200
2020-07-13,92.70552825927734,97.0530350925637,92.49191427496272,94.44113076999513,191649200
2020-07-14,94.2396469116211,94.43140759023446,91.15197107556455,92.08652103195597,170989200
2020-07-15,94.88774871826172,96.3660450887598,93.68860387905283,96.11602138224647,153198000
2020-07-16,93.7201919555664,94.57707031640611,93.12061934107113,93.75903153718914,110577600
2020-07-17,93.53083801269531,94.32703078332698,93.05748856156698,94.17167989066034,92186800
2020-07-20,95.50189208984375,95.64025667561853,93.27352443554929,93.61822100588265,90318000
2020-07-21,94.18380737304688,96.36848331726704,93.9337836446351,96.2932339607085,103433200
2020-07-22,94.44837188720703,95.13047550568642,93.79782587656797,93.88520933715121,89001600
2020-07-23,90.14945220947266,94.25906916667438,89.33869547436655,94.18139001162552,197004400
2020-07-24,89.92611694335938,90.27081352736032,86.55685988171646,88.34587300700521,185438800
2020-07-27,92.0573959350586,92.14963900239098,90.76601521608015,90.98933351898751,121214000
2020-07-28,90.54512023925781,91.80495076068121,90.54026066225798,91.62774658169793,103625600
2020-07-29,92.28070068359375,92.46518677635112,90.99174263799479,91.02815241738375,90329200
2020-07-30,93.3973388671875,93.50171606500183,91.0451701940575,91.45297464683811,158130000
2020-07-31,103.17497253417969,103.32547125877302,97.89776098025088,99.897958367961,374336800
2020-08-03,105.77474212646484,108.39635067212231,104.76008315372526,105.05865083451154,308151200
2020-08-04,106.48110961914062,107.57344762416928,105.24069527688243,105.96406844483113,173071600
2020-08-05,106.8670654296875,107.18748634754088,105.73588787997431,106.20195534302388,121776800
2020-08-06,110.59557342529297,111.09076870650271,106.60975774089576,107.19961845957583,202428800
2020-08-07,108.08109283447266,110.57368181214446,107.28346465846755,110.11650332932811,198045600
2020-08-10,109.65205383300781,110.67097638858233,106.99896497013046,109.52802993062933,212403600
2020-08-11,106.39098358154297,109.41370163111495,106.13077985202735,108.91518684797416,187902400
2020-08-12,109.92684173583984,110.18461136167227,107.2883431931704,107.48288378658236,165598000
2020-08-13,111.87226867675781,112.87660092461535,110.81929757369635,111.30809060988061,210082000
2020-08-14,111.77256774902344,111.86254295487012,109.96087794353791,111.69718271594931,165565200
2020-08-17,111.48074340820312,112.92036888745733,110.85334374924851,112.89604946040544,119561600
2020-08-18,112.40970611572266,112.83527017348905,110.89712956784018,111.2327184122214,105633600
2020-08-19,112.55072784423828,113.96603385163618,112.45589172935948,112.81822669084653,145538000
2020-08-20,115.04820251464844,115.16249715621257,112.5750641732495,112.59208851632775,126907200
2020-08-21,120.9769058227539,121.46083051491364,115.99658841174927,116.008744414782,338054800
2020-08-24,122.42382049560547,125.27145700681216,120.55620422636002,125.18633529954178,345937600
2020-08-25,121.41950988769531,121.76482801035655,119.6953682864558,121.29549340088454,211495600
2020-08-26,123.07068634033203,123.52786489142996,121.66997034058484,122.73753168290901,163022400
2020-08-27,121.59945678710938,124.00693190797273,120.45407621046918,123.67377724193759,155552400
2020-08-28,121.40247344970703,122.9928616302125,121.1787451014989,122.57459270019099,187630000
2020-08-31,125.51949310302734,127.426026441553,122.56243764607389,124.0993334865447,225702700
2020-09-01,130.51925659179688,131.12235167130845,126.96884284952722,129.13799921000313,151948100
2020-09-02,127.81513214111328,134.21561800557666,123.53517911659272,133.8362586004146,200119000
2020-09-03,117.5821304321289,125.32496358779086,117.21250032267771,123.44762527133629,257599600
2020-09-04,117.65995788574219,120.32520288986133,107.86468879703277,116.79423953672631,332607200
2020-09-08,109.74201965332031,115.74368657539894,109.60583975780702,110.84118807317701,231366600
2020-09-09,114.11925506591797,115.88960121264321,112.11545871886855,114.06089437114895,176940500
2020-09-10,110.39375305175781,117.21250764939418,109.43076440296137,117.0763277362815,182274400
2020-09-11,108.94439697265625,112.08627882927041,106.99896131243025,111.44428149919675,180860300
2020-09-14,112.21269989013672,112.76714861026824,109.72254527638765,111.59016123669946,140150100
2020-09-15,112.38782501220703,115.58806773554421,110.51047920250615,115.10170879439112,184642000
2020-09-16,109.07084655761719,112.83526719517445,108.98330551595791,112.08627773862457,154679000
2020-09-17,107.32967376708984,109.13892938917895,105.74414649450532,106.72659350722516,178011000
2020-09-18,103.92515563964844,107.85493604325933,103.19561736370885,107.38803570255637,287104900
2020-09-21,107.07677459716797,107.18377414626174,100.28720125318382,101.68791722586771,195713800
2020-09-22,108.75957489013672,109.78093154907663,106.18187865602258,109.60584204815116,183055400
2020-09-23,104.197509765625,109.05136840835327,103.85705267587515,108.57473887244814,150718700
2020-09-24,105.26750183105469,107.24211740863973,102.13534991299021,102.30071012698828,167743300
2020-09-25,109.21675872802734,109.37239714582383,104.73252885742939,105.47179649946621,149981400
2020-09-28,111.8236312866211,112.17381026918468,109.70310630165157,111.87227014246227,137672400
2020-09-29,110.97737884521484,112.16409584063497,110.47156881534237,111.42483559860969,99382200
2020-09-30,112.65045928955078,114.06090471815105,110.52021210350766,110.68557236785257,142675200
2020-10-01,113.60371398925781,114.50834184995564,112.66990578164197,114.430522644009,116120400
2020-10-02,109.93656921386719,112.2224621206602,109.1583993790266,109.81011856378328,144712000
2020-10-05,113.32162475585938,113.46753391146844,110.4521101876222,110.80228919258478,106243800
2020-10-06,110.07276153564453,112.95200563980481,109.18758468115253,112.54345848013615,161498200
2020-10-07,111.94036865234375,112.39754721573827,111.01628226939263,111.49291934511135,96849000
2020-10-08,111.83335876464844,113.22434541737783,111.46372127712412,113.07843627342072,83477200
2020-10-09,113.77880096435547,113.80798131062522,111.78472652844798,112.13490552618049,100506900
2020-10-12,121.00609588623047,121.76481458334483,116.0257780752071,116.78449677232146,240226800
2020-10-13,117.79611206054688,121.9690718867462,116.38567436315013,121.85234309102313,262330500
2020-10-14,117.88365173339844,119.67344860704317,116.35648535401263,117.69883300924619,150712000
2020-10-15,117.41676330566406,117.89339294386203,114.92660814304054,115.48105698538242,112559200
2020-10-16,115.77285766601562,118.23383968675911,115.56858783907589,117.97120175123152,115393800
2020-10-19,112.8158187866211,117.13468096654279,112.50454937346234,116.68723164895509,120639300
2020-10-20,114.3040771484375,115.73397358180452,112.4753628325675,113.02981171272529,124423700
2020-10-21,113.68153381347656,115.47133103249566,113.27298669065874,113.4869857975519,89946000
2020-10-22,112.59208679199219,114.81961147307034,111.4637305673421,114.24570410467129,101988000
2020-10-23,111.90144348144531,113.37024926516857,111.16217596217939,113.21461087321912,82572600
2020-10-26,111.91119384765625,113.37027065181736,109.80039043082107,110.89956637288807,111850700
2020-10-27,113.41889190673828,114.08034029540528,111.41509565044463,112.3391745749253,92276800
2020-10-28,108.16620635986328,112.28080553761286,108.06893607313397,111.91117547954262,143937800
2020-10-29,112.1738052368164,113.73988133267714,109.13892333116605,109.30429098085882,146129200
2020-10-30,105.89006805419922,108.93467231945372,104.78117027471363,108.03004440237355,190272600
2020-11-02,105.80249786376953,107.66039217853414,104.39206020859244,106.1332257311281,122866900
2020-11-03,107.42694854736328,108.44829771179337,105.76360211850799,106.66822990485883,107624400
2020-11-04,111.81391143798828,112.43645025464208,109.2848465676762,111.02601237155882,138235500
2020-11-05,115.7825927734375,116.35650010587017,113.68152628924997,114.73205582071998,126387100
2020-11-06,115.65106201171875,116.14799861229584,113.15660323122867,115.2905328204704,114457900
2020-11-09,113.34173583984375,118.86655905479424,113.0786522061061,117.41471118065078,154515300
2020-11-10,113.00070190429688,114.57921861893705,111.20780945261693,112.59145738080137,138023400
2020-11-11,116.43057250976562,116.56698735100086,113.45866925822499,114.18946623657861,112295000
2020-11-12,116.1577377319336,117.44394006005354,115.5341249324846,116.55724363092018,103162300
2020-11-13,116.20645904541016,116.60595750533835,114.85204931664111,116.38185060768497,81581900
2020-11-16,117.21984100341797,117.89216918384535,115.12488813037272,115.87516977446028,91183000
2020-11-17,116.33312225341797,117.58034777680699,115.91413173221224,116.48902916086686,74271000
2020-11-18,115.00796508789062,116.75213491699658,114.9787343957129,115.57311658349965,76322100
2020-11-19,115.60234832763672,116.01159288995271,113.81920174805022,114.57922948779476,74113000
2020-11-20,114.33562469482422,115.72901129196754,114.28690935456355,115.60234248642783,73604300
2020-11-23,110.93498992919922,114.60846723797194,110.83755181002277,114.17973059273324,127959300
2020-11-24,112.22119903564453,112.88378869271381,109.70725526905355,110.99346528046955,113874200
2020-11-25,113.05914306640625,113.76070922925952,112.22116208678149,112.59143724720404,76499200
2020-11-27,113.60482788085938,114.4817857816356,113.24430611291088,113.58534323153174,46691300
2020-11-30,116.00184631347656,117.87268484188316,113.8191939296174,113.97510085734369,169410200
2020-12-01,119.57787322998047,120.30867019893745,116.93726107423544,117.91165703284473,127728200
2020-12-02,119.92864990234375,120.21122560718797,117.79472048917064,118.89578518676296,89004200
2020-12-03,119.79225158691406,120.61074069251367,119.08093920643189,120.35739564047255,78967600
2020-12-04,119.11990356445312,119.7142856820755,118.40859125787107,119.46094065635505,78260400
2020-12-07,120.58149719238281,121.38050156328545,119.1199032870206,119.17836466433876,86712000
2020-12-08,121.19538116455078,121.78002475694831,119.93840933537943,121.18564255631568,82225500
2020-12-09,118.66194915771484,122.72517888074941,117.90192143214601,121.34153828117272,115089200
2020-12-10,120.08456420898438,120.69843846339406,117.07368405582885,117.41472117824993,81312200
2020-12-11,119.27581787109375,119.61685498411975,117.46344071723955,119.29530252010173,86939800
2020-12-14,118.66194915771484,120.19175065083598,118.42809618847487,119.46095361716566,79184500
2020-12-15,124.6057357788086,124.62522785843208,120.95175142467582,121.15637365642122,157243700
2020-12-16,124.53754425048828,125.0832036047306,123.31954931044656,124.14779181691584,98208600
2020-12-17,125.40475463867188,126.2622278245828,124.76164974923869,125.59963085326014,94359800
2020-12-18,123.41699981689453,125.79452841437983,122.8908250895469,125.65811357033245,192541500
2020-12-21,124.9468002319336,125.02475369942195,120.28918834325576,121.81898983096859,121251600
2020-12-22,128.5033721923828,130.96859332329765,126.33045801920044,128.24028106231793,168904800
2020-12-23,127.60691833496094,129.03926690688297,127.43151930755751,128.7761906679344,88223700
2020-12-24,128.5910186767578,130.0428738137408,127.74329906375385,127.95766733547217,54930100
2020-12-28,133.19020080566406,133.82355230210814,130.09161358052606,130.55933439782117,124486200
2020-12-29,131.41680908203125,135.2364403537799,130.90038029198016,134.51539669044374,121047300
2020-12-30,130.29624938964844,132.50813272871576,129.98443549687033,132.1086267541331,96452100
2020-12-31,129.29258728027344,131.29010173967114,128.34742211950626,130.64699691249126,99116600
2021-01-04,126.09659576416016,130.18905617994074,123.51444475784658,130.10136410422703,143301900
2021-01-05,127.6556396484375,128.36695957300432,125.14169569112941,125.58992448101938,97664900
2021-01-06,123.3585433959961,127.69461045301895,123.14417506694097,124.44986969207119,155088000
2021-01-07,127.5678939819336,128.25972152904515,124.5862452682212,125.07344315917028,109578200
2021-01-08,128.66897583007812,129.23412721104498,126.8955682344821,129.03923614525579,105158200
2021-01-11,125.6776123046875,126.83714611168664,125.20990631188384,125.8822420398484,100384500
2021-01-12,125.50220489501953,126.36941672040446,123.6118743194809,125.2098831281038,91951100
2021-01-13,127.53871154785156,128.08437101325023,125.20016673382712,125.46324298943377,88636800
2021-01-14,125.60935974121094,127.64584329102159,125.46319145780444,127.45096711457882,90221800
2021-01-15,123.88471221923828,126.88585381359638,123.7482973680449,125.48272113383378,111598500
2021-01-19,124.55702209472656,125.41449519229258,123.68981039127024,124.50829932907384,90757300
2021-01-20,128.6494903564453,129.0977190154373,125.25859676461178,125.36578090905975,104319500
2021-01-21,133.3655548095703,136.09386615455463,130.16953762113462,130.37416729095122,120150900
2021-01-22,135.50926208496094,136.26928979361904,131.56295521732648,132.79068885405798,114459400
2021-01-25,139.2606658935547,141.37510329816405,133.04401504155618,139.40683420534555,157611700
2021-01-26,139.4945526123047,140.60536359839995,137.75037522505468,139.92328928555284,98390600
2021-01-27,138.42266845703125,140.60532045654497,136.81492129375977,139.75758597887605,140843800
2021-01-28,133.5799102783203,138.35445839130662,133.19989652918113,135.9476996907254,142621100
2021-01-29,128.581298828125,133.2389103783543,126.8761058794983,132.3522064767238,177523800
2021-02-01,130.70547485351562,131.91373120913244,127.5776572470742,130.32546101984542,106239800
2021-02-02,131.53372192382812,132.81991691760996,131.16344668453948,132.25476545115475,83305400
2021-02-03,130.51065063476562,132.29379775497148,130.1890980522916,132.28404427579716,89880900
2021-02-04,133.87222290039062,133.88196150474948,131.14391200198517,132.8101351694426,84183100
2021-02-05,133.45748901367188,134.10155478599495,132.57922833528005,134.0332529018306,75693800
2021-02-08,133.60391235351562,133.65270793576502,131.6619613464302,132.74515775495385,71297200
2021-02-09,132.7256317138672,134.5504851694013,132.56950670280034,133.3209020588762,76774200
2021-02-10,132.12063598632812,133.68200554782806,131.1545368949886,133.18431136880906,73046600
2021-02-11,131.86685180664062,133.09641965172585,130.53969283038145,132.61824693347916,64280000
2021-02-12,132.10107421875,132.25721410503192,130.46165008374714,131.10571594692075,60145100
2021-02-16,129.97372436523438,132.72561913740805,129.58337464875356,132.21818684146174,80576300
2021-02-17,127.68048095703125,129.02716157528442,126.3435683892599,128.08058387844284,97918500
2021-02-18,126.5777816772461,126.86077223279327,124.33331888275549,126.08008757945029,96856700
2021-02-19,126.73389434814453,127.55362134396646,125.6897404521568,127.09496971320031,87668800
2021-02-22,122.95736694335938,126.58753801577001,122.56702460688798,124.91882434122574,103916400
2021-02-23,122.82071685791016,123.65018945773069,115.5311022034767,120.7714294215421,158273000
2021-02-24,122.32305145263672,122.52797948716125,119.27839785951765,121.92295598861077,111039900
2021-02-25,118.0683364868164,123.40624834822879,117.62920604594376,121.66923290454905,148199500
2021-02-26,118.33181762695312,121.83512279314837,118.27326144324365,119.62969515081251,164560400
2021-03-01,124.7041244506836,124.8407431312115,119.82486458851659,120.7616815886335,116307900
2021-03-02,122.09860229492188,125.61166793035277,121.99125798161717,125.30915619930848,102260900
2021-03-03,119.11251068115234,122.67437250675799,118.89782201758517,121.79610408542001,112966300
2021-03-04,117.22908020019531,120.6152873149633,115.75554926545047,118.80996287933978,178155000
2021-03-05,118.48796081542969,118.99540807937608,114.73093169979428,118.05859095189125,153766600
2021-03-08,113.55014038085938,118.07809310772461,113.40376109045417,118.00978376489019,154376600
2021-03-09,118.16590118408203,119.11247870378237,115.92144631561841,116.15564868338004,129525800
2021-03-10,117.0827407836914,119.21985186652402,116.56553290549272,118.7514470176131,111943300
2021-03-11,119.01492309570312,120.23473823990125,118.3318295930165,119.58091910944964,103026500
2021-03-12,118.10736846923828,118.24398715605516,116.28252996168703,117.4925843785623,88105100
2021-03-15,120.99588775634766,121.00564836102156,117.51209640376013,118.47819524715763,92403800
2021-03-16,122.5377426147461,124.1478999993401,121.7082698545493,122.6646007020175,115227900
2021-03-17,121.7472915649414,122.82072722265787,119.38572418377375,121.05443757273207,111932600
2021-03-18,117.61945343017578,120.20546300637888,117.41452538083813,119.91270439580465,121229700
2021-03-19,117.09248352050781,118.49771283246503,116.78997177230154,117.00466041109058,185549500
2021-03-22,120.4103775024414,120.87878973760397,117.35596342731434,117.42427276940472,111912300
2021-03-23,119.58092498779297,121.23987068738833,119.19058263342902,120.35184909024247,95467100
2021-03-24,117.19004821777344,119.9321970521026,117.17053445612295,119.8541271151827,88530500
2021-03-25,117.67799377441406,118.72216260318802,116.12639260654137,116.65335360086424,98844700
2021-03-26,118.28302001953125,118.5465042288051,116.04831804624526,117.44378670396847,94071200
2021-03-29,118.45867919921875,119.61994551573255,117.81462072071783,118.7124028156756,80819200
2021-03-30,117.0046615600586,117.49258758203952,115.98977454091903,117.20958959587135,85671900
2021-03-31,119.20033264160156,120.53724522159463,118.2244805650353,118.71240660331843,118323800
2021-04-01,120.02979278564453,121.18129841261401,119.53210619432762,120.67385866207343,75089100
2021-04-05,122.85977935791016,123.1135029854138,120.09811616226364,120.87880081066227,88651200
2021-04-06,123.16228485107422,124.06006693940361,122.61581009211896,123.44528283557895,80171300
2021-04-07,124.81146240234375,124.83097616492763,122.11810901104752,122.79144922016141,83466700
2021-04-08,127.21206665039062,127.24134101901195,125.41650255345681,125.83611176390906,88844600
2021-04-09,129.788330078125,129.82735761061758,126.34357333569822,126.66560631746748,106686700
2021-04-12,128.0708465576172,129.64196917644963,127.47557612711987,129.31993616746033,91420000
2021-04-13,131.1837921142578,131.40824882078488,128.74416183713194,129.2418559434714,91266500
2021-04-14,128.8417510986328,131.74003301621525,128.48069058786155,131.68148427288168,87222800
2021-04-15,131.2521209716797,131.74004707194615,130.41288748360844,130.58854862267228,89347100
2021-04-16,130.9203338623047,131.41801312050643,130.06157916706454,131.05695257379082,84922400
2021-04-19,131.5838623046875,132.1986537464163,130.12008450271816,130.28597753343655,94264200
2021-04-20,129.89566040039062,132.25722045509355,128.6270498214987,131.75954129528387,94812300
2021-04-21,130.2762451171875,130.52020812302493,128.12937364388216,129.16377440618163,68847100
2021-04-22,128.75392150878906,130.91054619483594,128.2367211149233,129.8273498266732,84566500
2021-04-23,131.07643127441406,131.85710086380988,128.96858764628234,128.96858764628234,78657500
2021-04-26,131.46676635742188,131.7985524226745,130.33477460387036,131.5741106597469,66905100
2021-04-27,131.14474487304688,132.14011804581892,130.87150751429678,131.74976832594788,66015800
2021-04-28,130.3543243408203,131.75955373687952,129.8663982944287,131.06669219926212,107760100
2021-04-29,130.2567138671875,133.76003367761894,129.25158755183847,133.17451655261294,151101000
2021-04-30,128.2855224609375,130.3348029182655,127.90494074098223,128.59778738715457,109839500
2021-05-03,129.33941650390625,130.83248375117557,128.64656992797262,128.85149050777056,75135100
2021-05-04,124.7626953125,128.31480397164984,123.64046385614857,128.02204534993695,137564700
2021-05-05,125.00664520263672,127.29988843260809,124.8797796797169,126.08007345167024,84000900
2021-05-06,126.60704803466797,126.61680119447594,124.06006618952057,124.80171581873422,78128300
2021-05-07,127.28153228759766,128.30790544082245,126.56793953638302,127.90713783845663,78973300
2021-05-10,123.99710083007812,126.62659678553494,123.9579995481262,126.49953067035334,88071200
2021-05-11,123.07825469970703,123.43015134422814,120.0088672609952,120.72245265121907,126142800
2021-05-12,120.00884246826172,121.83678798561996,119.50054079091288,120.62467824901435,112172300
2021-05-13,122.15937042236328,123.31283199690465,121.46533953245027,121.77814229209847,105861300
2021-05-14,124.5835952758789,125.0137018854759,123.01958141071674,123.41058674145887,81918000
2021-05-17,123.43010711669922,124.0752668923968,122.3548482816747,123.96774026311387,74244600
2021-05-18,122.04206848144531,124.1339383673377,121.97364310976869,123.71360895337953,63342900
2021-05-19,121.88568115234375,122.11050419640777,120.09683669552412,120.3900925748675,92612000
2021-05-20,124.4467544555664,124.84753700244316,122.28645896670807,122.41353999757484,76857100
2021-05-21,122.60902404785156,125.12122331133726,122.39397075203622,124.94527129274346,79295400
2021-05-24,124.24146270751953,125.06257461018313,123.10755550398203,123.17598087438682,63092900
2021-05-25,124.04595947265625,125.4340286577924,123.47900216167147,124.94526644040783,72009500
2021-05-26,123.99710083007812,124.52495694971883,123.57677137135352,124.10462749099422,56575900
2021-05-27,122.46240997314453,124.76933338548339,122.26691102273217,123.59632476739549,94625600
2021-05-28,121.80744934082031,122.9706879363348,121.7488011621574,122.74585748845195,71311100
2021-06-01,121.4848861694336,122.53082109382872,121.15253650084358,122.2668967957017,67637100
2021-06-02,122.24735260009766,122.42330463275813,121.26007323809793,121.4848962778378,59278900
2021-06-03,120.76153564453125,122.04207082094376,120.36075313288092,121.87589598051592,76229200
2021-06-04,123.05867767333984,123.32260943039987,121.06455727986688,121.27961057589917,75169300
2021-06-07,123.0684585571289,123.47901079400312,122.02252359682196,123.33238286431767,71057600
2021-06-08,123.88955688476562,125.57088194290174,123.37147802234419,123.75270614592999,74403800
2021-06-09,124.2707748413086,124.87683339071532,123.67449347467762,124.34897738790404,56877900
2021-06-10,123.27374267578125,125.30696453959546,123.10756782499628,124.16327258007072,71186400
2021-06-11,124.48583984375,124.57381958141005,123.26395290484824,123.68428231014268,53522400
2021-06-14,127.54544830322266,127.60409649266556,124.21214444863777,124.94527664789969,96906500
2021-06-15,126.7243423461914,127.66275811320399,126.47996494927916,127.01759820560862,62746300
2021-06-16,127.2228775024414,127.94624002739722,125.57089869031938,127.43793082295223,91815000
2021-06-17,128.8259735107422,129.56889029442954,126.73410372753868,126.88073910539828,96721700
2021-06-18,127.52591705322266,128.55229026571763,127.31086373435744,127.7702944686955,108953300
2021-06-21,129.32452392578125,129.43205057912303,126.30402282138007,127.3695047127403,79663300
2021-06-22,130.9667205810547,131.0644774987528,128.65979753012715,129.15833692853147,74783600
2021-06-23,130.69302368164062,131.29908974446735,130.23359300049012,130.76145650954527,60214200
2021-06-24,130.40956115722656,131.6118938058328,129.9403458033597,131.42616459271213,68711000
2021-06-25,130.11630249023438,130.87875877934593,129.82304662928087,130.45843681394894,70783700
2021-06-28,131.74876403808594,132.2081948177629,130.35093224313096,130.40958044213394,62111300
2021-06-29,133.26388549804688,133.42029061372372,131.32842066728736,131.76829700396732,64556100
2021-06-30,133.87974548339844,134.31962189947393,132.81424849169412,133.10750440761626,63261400
2021-07-01,134.1827392578125,134.24138744394435,132.70669030063868,133.52780965332033,52485800
2021-07-02,136.81224060058594,136.85133441897935,134.65193797296,134.79855843644995,78852600
2021-07-06,138.82589721679688,139.9304727602518,136.91975675935547,136.91975675935547,108181800
2021-07-07,141.31857299804688,141.6313683204944,139.45152604310684,140.3117243665474,104911600
2021-07-08,140.01846313476562,140.8200131513889,137.50625661436462,138.39579381995796,105575500
2021-07-09,141.84642028808594,142.37426891530228,139.44174008149082,139.53949700886304,99890800
2021-07-12,141.25015258789062,143.0292274131984,140.76139773464533,142.92170074885988,76299700
2021-07-13,142.364501953125,144.1435766396761,140.39971296594135,140.79071085179643,100827100
2021-07-14,145.79556274414062,146.20612993530744,144.35862232189876,144.76918951306558,127050800
2021-07-15,145.140625,146.62644380694877,143.7818872173468,145.88354186128097,106820300
2021-07-16,143.0976104736328,146.39181260894236,142.59908601439943,145.12106223258928,93251400
2021-07-19,139.2462615966797,140.82983754217113,138.4838051811381,140.5170272611207,121434600
2021-07-20,142.8629913330078,143.79163718567534,139.7447489090948,140.23350360392632,96350000
2021-07-21,142.12986755371094,142.8434601888897,141.37719601915154,142.25694855475027,74993500
2021-07-22,143.49839782714844,144.86690516323114,142.5306580508827,142.6577390590944,77338200
2021-07-23,145.2187957763672,145.37520086194326,143.6156809382373,144.23151664043684,71447400
2021-07-26,145.63916015625,146.46026463758602,144.37816442398642,144.9353520535012,72434100
2021-07-27,143.46910095214844,145.8542269751725,142.2765379406364,145.76623976746671,104818600
2021-07-28,141.71932983398438,143.66457920057397,139.33420415472008,141.55315500100113,118931200
2021-07-29,142.364501953125,143.25403929640055,141.32834413155712,141.43587078750923,56699500
2021-07-30,142.57955932617188,143.038990058725,140.8689174245079,141.13284920856503,70440600
2021-08-02,142.24717712402344,143.64500845625085,141.9832454002648,143.0682814694833,62880000
2021-08-03,144.04580688476562,144.710506214658,141.91482832443904,142.53066410966022,64786600
2021-08-04,143.64503479003906,144.4661392860283,142.99010513855148,143.9578450260043,56368300
2021-08-05,143.75253295898438,144.51498911354923,142.882550171565,143.67433041548927,46397700
2021-08-06,143.0672607421875,144.0168667237269,142.56798937643336,143.2728518562968,54126800
2021-08-09,143.018310546875,143.6154852947151,142.46030312496822,143.12599828625463,48908700
2021-08-10,142.5386505126953,144.60428668695926,142.2449552630066,143.36098526145494,69023100
2021-08-11,142.7931671142578,143.6350854630747,142.4701038589951,142.97917458892059,48493500
2021-08-12,145.75946044921875,145.91609989817144,142.77358630713317,143.1162332344722,72282600
2021-08-13,145.9650421142578,146.29788971819715,145.15249183078768,145.83777070300374,59375000
2021-08-16,147.9425506591797,148.01108601151154,143.39032739407136,145.41679586878547,103296000
2021-08-17,147.03216552734375,148.49082780321805,145.95528772679708,147.07131793010743,92229700
2021-08-18,143.2826690673828,147.55099731267805,143.07707790614015,146.65034281258323,86326000
2021-08-19,143.61549377441406,144.88816305914702,141.4617537976131,141.9806088621801,86960300
2021-08-20,145.07415771484375,145.3776372611406,143.69380080624433,144.33992722362586,60549600
2021-08-23,146.5622100830078,147.03211343952145,144.78047016020776,145.191637464402,60131800
2021-08-24,146.47412109375,147.68805452972137,146.01400200564578,146.30769726540868,48606400
2021-08-25,145.24058532714844,147.1593809674563,144.69236226933418,146.6600946599799,58991300
2021-08-26,144.43785095214844,145.98463202414845,144.40848292036043,145.23083262430814,48597200
2021-08-27,145.4755401611328,145.62238028371488,143.74275202487664,144.379079140009,55802400
2021-08-30,149.90052795410156,150.26275857372073,145.48535959462373,145.8671589433328,90956700
2021-08-31,148.63766479492188,149.58727102922836,148.1090103253276,149.4502152293265,86453100
2021-09-01,149.30332946777344,151.72139660647437,149.13690566906416,149.61660833919711,80313700
2021-09-02,150.4193572998047,151.46686670695442,149.1956397332981,150.63473278654652,71115500
2021-09-03,151.05572509765625,151.3787883827347,149.87115971903515,150.5270706537238,57808700
2021-09-07,153.3954620361328,153.9534695341939,151.14381850232894,151.71162530218976,82278300
2021-09-08,151.8487091064453,153.73812239539555,150.74246333206673,153.67938632559895,74420200
2021-09-09,150.83056640625,152.82766725771464,150.71307934113239,152.2207080167917,57305700
2021-09-10,145.83779907226562,152.21091623055125,145.5734718351498,151.74101276076019,140893200
2021-09-13,146.40560913085938,148.236286286438,145.62242670552294,147.46290316436924,102404300
2021-09-14,145.00564575195312,147.8936314335505,143.8210954003336,147.1887688532645,109296300
2021-09-15,145.89651489257812,146.2978978750979,143.29244009500678,145.43639585173057,83281300
2021-09-16,145.6615447998047,145.837767899535,144.12456328294863,145.31891283926268,68034100
2021-09-17,142.9889373779297,145.6909151277315,142.69524219582632,145.6909151277315,129868800
2021-09-20,139.93453979492188,141.79458433792297,138.29965507938874,140.77645799540764,123478900
2021-09-21,140.41424560546875,141.5596584283987,139.77791842647125,140.90373264714654,75834000
2021-09-22,142.7834014892578,143.35119341343096,140.67859787200524,141.41282856542696,76404300
2021-09-23,143.7427520751953,143.98749557155614,142.5777706424446,143.56652899007761,64838200
2021-09-24,143.8308868408203,144.369325635303,142.49948133899076,142.5973847336097,53477900
2021-09-27,142.31346130371094,142.8910673802959,140.7960633866369,142.41136468969736,74150700
2021-09-28,138.92623901367188,141.7065222907774,138.7108634842379,140.2380609198885,108972300
2021-09-29,139.82687377929688,141.41280705571026,139.04369150451467,139.47444250254287,74602000
2021-09-30,138.52484130859375,141.344291622089,138.30946580198176,140.63942904371518,89056700
2021-10-01,139.65066528320312,139.91499250291432,136.1851031474959,138.91643462464168,94639600
2021-10-04,136.2144775390625,139.21993567866247,135.36277471551017,138.7793853125862,98322000
2021-10-05,138.1430206298828,139.24926602115937,136.42981614361935,136.55708754274536,80861100
2021-10-06,139.01434326171875,139.16118342378243,135.46066196016233,136.5375396085011,83221100
2021-10-07,140.2771759033203,141.18762947818155,139.71916849895038,140.05201606913297,61732700
2021-10-08,139.89540100097656,141.14848672637,139.5625533728477,141.00164657806616,58773200
2021-10-11,139.8072967529297,141.76524506387435,138.82832259745734,139.27865728167708,64452200
2021-10-12,138.53460693359375,140.23802709057873,138.07448795333846,140.21844342772843,73035900
2021-10-13,137.94723510742188,138.4269228251495,136.27318293183075,138.27029833211344,78762700
2021-10-14,140.73733520507812,140.8548222748978,138.53464310497256,139.12203364018546,69907100
2021-10-15,141.7946319580078,141.85336802507683,140.49259436544995,140.7471372400319,67940300
2021-10-18,143.46864318847656,143.75253907676628,140.14992191440837,140.43381780269812,85589200
2021-10-19,145.63218688964844,146.03356986995644,143.4686624173773,143.91898215404882,76378900
2021-10-20,146.12168884277344,146.6013915952755,145.00565881312252,145.57346566160615,58418800
2021-10-21,146.33705139160156,146.4936908403183,144.76090241654427,145.68114050530517,61421000
2021-10-22,145.56369018554688,147.0223523235176,145.5147384832475,146.5426644796855,58883400
2021-10-25,145.5146942138672,146.22934104854468,144.51613655500375,145.55384660101817,50720600
2021-10-26,146.18040466308594,147.66843438585144,145.87691017558996,146.1901890254086,60893400
2021-10-27,145.72030639648438,146.58179347999342,145.36787510933436,146.21957782913032,56094900
2021-10-28,149.36207580566406,149.94945126434328,146.5719938285733,146.66989720733233,100077900
2021-10-29,146.6503448486328,146.787400645377,143.33162275650557,144.12458950466566,124953200
2021-11-01,145.82798767089844,146.55241894044252,144.69237413631248,145.85735569869297,74588300
2021-11-02,146.86570739746094,148.3831203302802,145.5245026428988,145.53430194477542,69122000
2021-11-03,148.3048095703125,148.77471301203136,146.66992441982393,147.22793195599735,54511500
2021-11-04,147.78594970703125,149.22502801768104,147.47267079725674,148.39290892226862,60394600
2021-11-05,148.3153533935547,149.2173222899692,147.11926062749689,148.9133997765836,65463900
2021-11-08,147.4918212890625,148.5996814029073,147.2173096615232,148.44281334152436,55020900
2021-11-09,147.8545684814453,148.46241353148417,147.1192662590711,147.2565220755238,56787900
2021-11-10,145.0211944580078,147.18789143862284,144.9525740344218,147.080046521764,65187100
2021-11-11,144.97219848632812,146.50162489581308,144.7859195077794,146.04084921172387,41000000
2021-11-12,147.0506134033203,147.45256716016078,144.58979293418378,145.52117255185212,63804000
2021-11-15,147.0604248046875,148.90358691602947,146.5015880097449,147.42316906541586,59222800
2021-11-16,148.04086303710938,148.52126592519502,146.41339035642437,147.00163818021238,59256200
2021-11-17,150.48204040527344,151.96244333873707,148.03103325464866,148.0408318977374,88807000
2021-11-18,154.77618408203125,155.56050930807018,150.05065040073163,150.6977198341957,137827700
2021-11-19,157.4037322998047,157.86452298755253,153.46250735854747,154.56055412436433,117305600
2021-11-22,157.86448669433594,162.4527653050192,157.84487444666516,158.51154126985364,117467900
2021-11-23,158.24681091308594,158.62916738585517,155.94285847475925,157.96248573911777,96041900
2021-11-24,158.76644897460938,158.96252656383666,156.5115192990928,157.59976712302952,69463600
2021-11-26,153.7370147705078,157.30568161983877,153.29583634722047,156.4429370248978,76959800
2021-11-29,157.09976196289062,158.0311417015208,155.67816582735122,156.24680128961487,88748200
2021-11-30,162.06060791015625,162.27629775232137,156.7860353404558,156.85467072649087,174048100
2021-12-01,161.54103088378906,166.96265909541748,161.30572874275504,164.19791503738585,152052500
2021-12-02,160.55078125,160.98216094033538,154.70758806208025,155.62916922602187,136739200
2021-12-03,158.6683807373047,161.72724755293552,156.58993165162352,160.8056665553949,118023100
2021-12-06,162.08023071289062,164.59005999270414,161.06060321811478,161.0704018625744,107497000
2021-12-07,167.8253631591797,168.21753329951792,165.0410224817036,165.76652602150847,120405400
2021-12-08,171.64895629882812,172.51171571219845,167.35478644015964,168.75677048688644,116998900
2021-12-09,171.13912963867188,173.28621440591945,170.5116723744327,171.48227664120193,108923700
2021-12-10,175.93331909179688,176.10979941461878,171.26660609827198,171.77641985782503,115402700
2021-12-13,172.2960205078125,178.56079478498526,172.09012930519359,177.57057822727617,153237000
2021-12-14,170.91366577148438,174.2568437676053,168.8352160893275,171.81563478373667,139380400
2021-12-15,175.7862548828125,175.9823324841572,168.93323276156414,171.6783640596761,131063300
2021-12-16,168.88421630859375,177.59019978284007,167.4038131560954,175.76664959457935,150185800
2021-12-17,167.78614807128906,170.07048857395336,166.36456688905028,166.59985400570397,195432700
2021-12-20,166.4233856201172,167.2371217897491,164.178269651189,164.98219221796626,107499100
2021-12-21,169.5998992919922,169.80577551895627,165.8057299805719,168.19791539703556,91185900
2021-12-22,172.19796752929688,172.4136573675495,168.77635596770887,169.64891396436306,92135300
2021-12-23,172.82540893554688,173.38424572693862,171.8352074670007,172.4038429011369,68356600
2021-12-27,176.79603576660156,176.88426842678575,173.59992807749137,173.6195253621372,74919600
2021-12-28,175.7764129638672,177.77644307078862,175.03131221487746,176.62937357994824,79144300
2021-12-29,175.8646697998047,177.0901733747063,174.64896486798852,175.81564666485653,62348900
2021-12-30,174.707763671875,177.0313283169758,174.59991877307488,175.95287932897472,59773000
2021-12-31,174.09019470214844,175.7176525633721,173.78625715913876,174.599993569633,64062300
2022-01-03,178.44314575195312,179.2961065398854,174.22742479359925,174.34506836720536,104487900
2022-01-04,176.17840576171875,179.35491668068815,175.60977025994117,179.05099416209845,99310400
2022-01-05,171.4920654296875,176.6391804132829,171.21755382734324,176.09015720859438,94537600
2022-01-06,168.62930297851562,171.8646356206371,168.27635732737943,169.31558203356892,96904000
2022-01-07,168.79598999023438,170.72738518026193,167.67833112045182,169.50188137744055,86709100
2022-01-10,168.81558227539062,169.1195047889858,164.87435832287932,165.76652857616685,106765600
2022-01-11,171.64895629882812,171.7469876214078,167.47244497092254,168.9430494474789,76138300
2022-01-12,172.09010314941406,173.70776179361494,171.39402553539196,172.6685372139698,74805200
2022-01-13,168.81558227539062,173.15876005827155,168.42341212900857,172.3352251905114,84505800
2022-01-14,169.6783447265625,170.37442243944997,167.73713612609606,167.9822368621362,80440800
2022-01-18,166.47238159179688,169.15867541780838,166.090025136866,168.14886183274072,90956700
2022-01-19,162.97238159179688,167.72734198246087,162.68807131265714,166.66850497918634,94815000
2022-01-20,161.2860565185547,166.3547371137795,160.96252180484768,163.70765259043753,91420500
2022-01-21,159.2272186279297,163.07039571920242,159.1193737240524,161.197822824496,122848900
2022-01-24,158.45274353027344,159.1194254143862,151.6683559036137,156.88410755310724,162294600
2022-01-25,156.6487579345703,159.5703540851256,153.94285159644792,155.86443270388338,115798400
2022-01-26,156.56056213378906,161.1684533792907,154.727213256224,160.29589528165266,108275300
2022-01-27,156.0997314453125,160.6291874906743,155.17815044081257,159.26642822820887,121954600
2022-01-28,166.99200439453125,167.01161663852113,159.60957278691356,162.4625484172025,179935700
2022-01-31,171.35484313964844,171.5705330064948,166.18811489980484,166.82538585540124,115541600
2022-02-01,171.1881866455078,171.4136751707698,168.93325651359524,170.59993879900395,86213900
2022-02-02,172.39405822753906,172.4332827246188,169.93325210735014,171.32542255843316,84914300
2022-02-03,169.51165771484375,172.78621481447524,168.74694463929947,171.0606961129302,89418100
2022-02-04,169.22698974609375,170.90562127726093,167.54835821492657,168.53001022690665,82465400
2022-02-07,168.51040649414062,170.75838325799216,167.8134268983413,169.68838604223646,77251200
2022-02-08,171.62222290039062,172.1326861402394,168.28459707531294,168.57909567441112,74829200
2022-02-09,173.04562377929688,173.4088302479398,171.6909391445202,172.81984799977465,71285000
2022-02-10,168.9619140625,172.26026492516206,168.4023802889261,170.9448550221314,90865900
2022-02-11,165.54580688476562,169.9043445353418,164.95680964270105,169.1681054721721,98670700
2022-02-14,165.7813720703125,166.4685253813581,163.5039325493399,164.299068164894,86185500
2022-02-15,169.61962890625,169.77669680858907,167.1262396166007,167.8330301983069,62527400
2022-02-16,169.38406372070312,170.15956224722075,166.9299336029845,168.6969102835062,61177400
2022-02-17,165.7813720703125,168.7557760286246,165.3788912099791,167.89191759255658,69589300
2022-02-18,164.2303924560547,167.4109355405672,163.1407580714809,166.70415983864797,82772700
2022-02-22,161.30503845214844,163.63154853290226,159.1748407659244,161.9529172863156,91162800
2022-02-23,157.13307189941406,163.10150398221023,156.818936011465,162.502695552278,90009200
2022-02-24,159.7540740966797,159.86205643085455,149.21112475761413,149.78048479427957,141147500
2022-02-25,161.82533264160156,162.090367887761,157.91834703084373,160.83385456915977,91974200
2022-02-28,162.0903778076172,162.38487641130448,159.44973145996255,160.06817702982372,95056600
2022-03-01,160.2056121826172,163.5432381527931,158.99818435052663,161.67809026330085,83474400
2022-03-02,163.5039825439453,164.28930727333417,159.9602176218132,161.37379913894847,79724800
2022-03-03,163.1800079345703,165.81084308627598,162.51249176371445,165.3789138092183,76678400
2022-03-04,160.17616271972656,162.512499384929,159.12580281837,161.47195061166718,83737200
2022-03-07,156.37718200683594,161.9922331985085,156.12194287523664,160.3626871229987,96418800
2022-03-08,154.55126953125,159.89145798739116,152.94136109775025,155.90595387633803,131148300
2022-03-09,159.960205078125,160.41177163023045,156.4851632700245,158.51717530744355,91454900
2022-03-10,155.61148071289062,157.447165177113,153.11807622105542,157.26064889872916,105342000
2022-03-11,151.89102172851562,156.35754167605256,151.66524594480387,156.01395745746433,96970100
2022-03-14,147.85643005371094,151.2922123001873,147.34598176184335,148.67120306961968,108732100
2022-03-15,152.244384765625,152.71558844748628,147.62081285085458,148.1312610379761,92964300
2022-03-16,156.66184997558594,157.0643309184818,151.62598505111097,154.16846031293665,102300200
2022-03-17,157.67294311523438,158.04597567713608,154.73781315339022,155.6998279417029,75615400
2022-03-18,160.97129821777344,161.46212424049523,156.82872538769567,157.56496442177837,123511700
2022-03-21,162.34561157226562,163.2978152048177,160.0190861607253,160.50991215775952,95811400
2022-03-22,165.72247314453125,166.31145526950652,161.8842108013452,162.4731929263205,81532000
2022-03-23,167.08697509765625,169.47238200494985,164.57393367238456,164.9077066995065,98062700
2022-03-24,170.87615966796875,170.94486751449384,167.08698259633016,167.92137775453384,90131400
2022-03-25,171.51425170898438,172.06397447426608,169.5803959233043,170.68966756106184,80546200
2022-03-28,172.3780975341797,172.5057021088352,168.84414433562662,169.01102337849983,90371900
2022-03-29,175.67648315429688,175.725553780917,173.10454422150926,173.4481284807928,100589400
2022-03-30,174.50827026367188,176.31450624555694,173.45789549385026,175.27395758161924,92633200
2022-03-31,171.4062957763672,174.7635445917373,171.2001422182301,174.57702827219046,103049300
2022-04-01,171.1117401123047,171.67128888454906,168.78522990497535,170.8368787788995,78751300
2022-04-04,175.16595458984375,175.21504017700875,171.23934727773363,171.36696680859902,76468400
2022-04-05,171.84800720214844,175.02856526846452,171.21975048299214,174.2432406248137,73401800
2022-04-06,168.67727661132812,170.44425332917226,167.00847109179495,169.19755100896808,89058800
2022-04-07,168.98158264160156,170.17919933632717,166.73360604638012,168.0195678303507,77594700
2022-04-08,166.96917724609375,168.6281714448174,166.09550760626425,168.6281714448174,76575500
2022-04-11,162.70883178710938,165.92864940184566,162.46341876782265,165.61452852614607,72246700
2022-04-12,164.5837860107422,166.75322864931675,163.58249672741925,164.93718134727843,79265200
2022-04-13,167.2734832763672,167.90173991390134,163.71009694763094,164.3187163524491,70618900
2022-04-14,162.2572479248047,168.12753750441655,162.01183493170848,167.4894547350742,75329400
2022-04-18,162.04129028320312,163.5432165286054,160.56881239721503,160.91238158332047,69023900
2022-04-19,164.32855224609375,164.7408593011716,160.9025960723887,161.9922304806441,67723800
2022-04-20,164.1616668701172,165.7814017275046,163.05241024771163,165.66359329680822,67929800
2022-04-21,163.36654663085938,168.38278964359662,162.8659094340129,165.81086584120527,87227800
2022-04-22,158.82147216796875,164.78991818851023,158.53679967564108,163.40580023778472,84882400
2022-04-25,159.8914794921875,160.17615197605645,155.55257953271186,158.16376241881838,96046400
2022-04-26,153.92303466796875,159.36138008917553,153.84450071149385,159.27303500519898,95623200
2022-04-27,153.697265625,156.85817138310125,152.52909731194325,153.0493716898695,88063200
2022-04-28,160.6374969482422,161.50135530930604,156.01391046604311,156.32804622599997,130216800
2022-04-29,154.75743103027344,163.15055858383272,154.36477622377623,158.87055528620192,131747600
2022-05-02,155.061767578125,155.32680285229077,150.45781697290937,153.83470249054395,123055300
2022-05-03,156.5538787841797,157.76132169874938,153.45186941180674,155.24827964309745,88966500
2022-05-04,162.97384643554688,163.4253979042394,156.33787025741282,156.7403511160265,108256500
2022-05-05,153.89361572265625,161.06949072780478,152.10700157369598,160.84371492154636,130525300
2022-05-06,154.62106323242188,156.74455042350417,151.57346504147074,153.3725293282909,116124600
2022-05-09,149.48934936523438,153.19561988241742,148.9289932928124,152.31082581951642,131577900
2022-05-10,151.8979034423828,154.09021465537515,150.3446125608553,152.89083834180113,115366700
2022-05-11,144.02334594726562,152.8220388257889,143.3450083341386,150.90500752836365,142689800
2022-05-12,140.14990234375,143.728364519164,136.45347366831103,140.35635871962023,182602000
2022-05-13,144.62301635742188,145.59628520412005,140.6906387962122,142.1456142936274,113990900
2022-05-16,143.0795440673828,145.02608166695018,141.7425351609862,143.08938461134267,86643800
2022-05-17,146.71701049804688,147.2380493187645,144.20027628752518,146.343429833823,78336300
2022-05-18,138.43936157226562,144.86879239266452,137.53490151723796,144.36741964547258,109742900
2022-05-19,135.02804565429688,139.26518086543837,134.29072472426066,137.51527372488573,136095600
2022-05-20,135.26394653320312,138.32137052821327,130.36814092411527,136.73858804203445,137426100
2022-05-23,140.6906280517578,140.83808619870993,135.32292649026942,135.46055909436765,117726300
2022-05-24,137.98715209960938,139.56993493043717,135.00837680321177,138.4295416484227,104132700
2022-05-25,138.1444091796875,139.39292808535322,136.00125589921703,136.08973078213927,92482700
2022-05-26,141.34925842285156,141.89978867947883,134.82151466416863,135.0672881716504,90601500
2022-05-27,147.1102294921875,147.1495466635664,142.80427168601537,142.93207874444667,90978500
2022-05-31,146.32374572753906,148.11298447709316,144.35755721198225,146.5498682074242,103718400
2022-06-01,146.1959228515625,149.1746966245389,145.18332217877943,147.36579217097548,74286600
2022-06-02,148.65371704101562,148.71270030734948,144.37725022184313,145.3308530297889,72348100
2022-06-03,142.92222595214844,145.4684360868752,142.0177811745908,144.4165181928999,88570300
2022-06-06,143.66940307617188,146.05833007006927,142.45036072118282,144.54435641942476,71598400
2022-06-07,146.1959228515625,146.48101352584723,141.66385867868283,141.9096321913101,67808200
2022-06-08,145.4586181640625,147.3363166045176,144.96707108524492,146.06813174153186,53950200
2022-06-09,140.22857666015625,145.44880522785593,140.12043568225837,144.5935179486459,69473000
2022-06-10,134.8117218017578,138.38034379484614,134.7428980025847,137.9084627463307,91437900
2022-06-13,129.6505126953125,132.9143787666689,129.21794869771333,130.62376668907845,122207100
2022-06-14,130.51559448242188,131.62649584691928,129.25723497256138,130.87934957569854,84784300
2022-06-15,133.14047241210938,135.0181863871141,129.9257644034857,132.0197453538818,91533000
2022-06-16,127.86125183105469,130.15186352165608,126.85849136974434,129.84710666597098,108123900
2022-06-17,129.33590698242188,130.830214787561,127.61549164782572,127.87110581235486,134520300
2022-06-21,133.572998046875,134.74288249152107,131.06611995214928,131.16442036715884,81000500
2022-06-22,133.0618438720703,135.43109016830508,131.64618542069755,132.51129836255657,73409200
2022-06-23,135.9324493408203,136.24703170777948,133.33708105988757,134.5069656450009,72433800
2022-06-24,139.26513671875,139.51091028418583,137.40708916408835,137.53488121755194,89116800
2022-06-27,139.26513671875,141.06420101783954,138.58679927801467,140.2875481505987,70207900
2022-06-28,135.11648559570312,140.99538542275212,134.99851907769516,139.72720035167993,67083400
2022-06-29,136.876220703125,138.29187895229046,134.35950159386607,135.1361545226192,66242400
2022-06-30,134.4086456298828,136.03074512479165,131.50852062340732,134.92968437677243,98964500
2022-07-01,136.58126831054688,136.68940927123788,133.3665611170388,133.74012670784026,71051600
2022-07-05,139.16683959960938,139.2159973193288,134.61510776869383,135.44091845782265,73353800
2022-07-06,140.5038299560547,141.68354006887108,138.69494011634768,138.96037976700046,74064300
2022-07-07,143.87586975097656,144.07248562850194,140.857762778016,140.8675883216018,66253700
2022-07-08,144.55418395996094,145.0555716697527,142.54867812328092,142.8042772492725,64547800
2022-07-11,142.4208526611328,144.16093360400728,141.34928357800885,143.2073310252046,63141600
2022-07-12,143.39414978027344,145.94036067600746,142.59784571642712,143.29583433994398,77588800
2022-07-13,143.0303955078125,143.97415763799123,139.7173575069719,140.57265975093034,71185600
2022-07-14,145.96005249023438,146.43193368516037,140.8282976178119,141.64426791370786,78140700
2022-07-15,147.63128662109375,148.30962416813094,145.69458942189468,147.24788039896364,76259900
2022-07-18,144.583740234375,149.0076662468377,144.2199850061164,148.19169587110557,81420900
2022-07-19,148.44723510742188,148.67334258980395,144.42638313418118,145.41930294883997,82982400
2022-07-20,150.45274353027344,151.1212554478555,147.8278835762641,148.56520429371037,64823400
2022-07-21,152.72369384765625,152.93997577721333,149.3713389403487,151.88805775611044,65086600
2022-07-22,151.48501586914062,153.637995053217,150.81651886265266,152.76304161776633,66675400
2022-07-25,150.3642578125,152.4189211302385,149.7055864857965,151.40633528462277,53623900
2022-07-26,149.037109375,150.50191035513055,148.25063089528444,149.68594024499822,55138700
2022-07-27,154.1393280029297,154.6702072541214,149.58761220557574,150.00050995604346,78620700
2022-07-28,154.6898956298828,154.97498637932796,151.7995959592648,154.3261405347344,81378700
2022-07-29,159.76263427734375,160.8637099904221,156.80352611275504,158.51411543428287,101786900
2022-08-01,158.779541015625,160.82437877972106,158.17002740354454,158.287993908895,67829400
2022-08-02,157.304931640625,159.66436723257505,156.9313659642097,157.39342153843546,59907000
2022-08-03,163.32147216796875,163.77368717681702,158.0324196674791,158.1208945604064,82507500
2022-08-04,163.00685119628906,164.36352602829535,161.65017636428277,163.2034670413035,55474100
2022-08-05,162.7804412841797,163.2726712063917,160.46695464111716,160.67369781797885,56697000
2022-08-08,162.30789184570312,165.20220622926755,161.64830554399492,163.7845816314674,60276900
2022-08-09,162.3571014404297,163.24312423537512,160.71305544763848,161.47109366714804,63135500
2022-08-10,166.6099853515625,166.7084223205678,164.30633795620102,165.07421541409994,70170500
2022-08-11,165.8716583251953,168.3328081399825,165.5763173430876,167.41725259761515,57149200
2022-08-12,169.42555236816406,169.4944567489093,166.76749865896252,167.18098503009688,68039400
2022-08-15,170.4985809326172,170.69546987184845,168.68717865702857,168.8545350064583,54091700
2022-08-16,170.34109497070312,171.01053551269388,168.992389717206,170.09497999617207,56377100
2022-08-17,171.8374481201172,173.412574668192,169.88822206935535,170.08511101015677,79542000
2022-08-18,171.44369506835938,172.18204003423804,170.4297025169527,171.04991709522415,62290100
2022-08-19,168.85458374023438,171.04008614629294,168.64784053029155,170.34111293537597,70346300
2022-08-22,164.96592712402344,167.22033333660877,164.54260162126909,167.052976982108,69026800
2022-08-23,164.6312255859375,166.0882370598649,164.06023703885776,164.4835626089626,54147100
2022-08-24,164.92657470703125,165.4975632823113,163.66646716905697,164.71984652905635,53841500
2022-08-25,167.3876953125,167.49598648924476,165.7338100913049,166.15712058661168,51218200
2022-08-26,161.07733154296875,168.3918767523516,161.01826634968077,167.91934018438116,78961000
2022-08-29,158.87213134765625,160.36849946589015,157.33637642429446,158.64569477233294,73314000
2022-08-30,156.44053649902344,160.03380935929164,155.26902673828752,159.6104987851323,77906200
2022-08-31,154.7767791748047,158.084564879281,154.69802058402368,157.81875651310324,87991100
2022-09-01,155.50527954101562,155.95812264539694,152.26639832599292,154.20578537018633,74229900
2022-09-02,153.38870239257812,157.86799816901853,152.56175963985066,157.26747699870455,76957800
2022-09-06,152.1285858154297,154.64880073393257,151.30164311185825,154.03844040820118,73714800
2022-09-07,153.536376953125,154.2353350897476,151.22289011406963,152.41409323627113,87449600
2022-09-08,152.05967712402344,153.93014485598613,150.30732474708108,152.23687268905203,84923800
2022-09-09,154.9244384765625,155.36745741692656,152.34515853161906,153.05397081020374,68028800
2022-09-12,160.89022827148438,161.7073315575933,156.8244202610404,157.10990694092825,104956000
2022-09-13,151.44931030273438,158.0451887543499,150.98661293916587,157.41513500718563,122656600
2022-09-14,152.89645385742188,154.6586453659871,151.22287515005883,152.3845305395428,87965400
2022-09-15,150.00213623046875,152.82754609590185,149.02753063381346,152.24670339235885,90481100
2022-09-16,148.3581085205078,148.99801648832616,146.06431507986616,148.8601926989242,162278800
2022-09-19,152.07936096191406,152.15811955641868,146.78297692105565,146.98970508767258,81474200
2022-09-20,154.4617462158203,155.6234166633189,150.7011173572486,151.0161367015711,107689800
2022-09-21,151.33116149902344,156.27315389590652,151.21303113007994,154.8949011643533,101696800
2022-09-22,150.3664093017578,152.06952070873675,148.5648458969192,150.01200313979504,86652500
2022-09-23,148.09231567382812,149.11616252111207,146.25138021755967,148.8405149133821,96029900
2022-09-26,148.42701721191406,151.38039679019585,147.31457276382835,147.3342661670832,93339400
2022-09-27,149.40162658691406,152.315634453065,147.619756600354,150.3664080888261,84442700
2022-09-28,147.51148986816406,148.2990609102626,142.58918963213347,145.34568076864423,146691400
2022-09-29,140.26585388183594,144.439969608928,138.4938229117654,143.82960922766318,128138200
2022-09-30,136.05233764648438,140.87619954797051,135.85544869618502,139.0844755504192,124925300
2022-10-03,140.236328125,140.84670355770672,135.5503037948178,136.06222721595856,114311700
2022-10-04,143.82960510253906,143.9477354899333,142.01818737304887,142.77622574271777,87830100
2022-10-05,144.12490844726562,145.08968986509632,140.7875903322469,141.83113033653302,79471000
2022-10-06,143.17001342773438,145.24722466977872,142.9632852357701,143.54411304208395,68402200
2022-10-07,137.91299438476562,140.87622852536393,137.282940601211,140.32491832079495,85925600
2022-10-10,138.23785400390625,139.68501122355408,136.41661224606074,138.23785400390625,74899000
2022-10-11,136.8202362060547,139.15341644364526,136.0720520706598,137.72593753469053,77033700
2022-10-12,136.19017028808594,138.17878336551573,136.01297472776957,136.9679019716922,70433700
2022-10-13,140.76791381835938,141.35858069211028,132.2818600306571,132.8922353283637,113224000
2022-10-14,136.22955322265625,142.27413585110418,136.04250345541635,142.0673926816115,88598000
2022-10-17,140.1969451904297,140.67932095242676,138.09020149670755,138.87777246163483,85250900
2022-10-18,141.51614379882812,144.42029818027888,138.42493958906311,143.22910983417668,99136600
2022-10-19,141.6243896484375,142.69744724205523,139.3010638831592,139.488113651557,61758300
2022-10-20,141.16171264648438,143.62286253921314,140.4332068704366,140.7974672692939,64522000
2022-10-21,144.98141479492188,145.5524033439164,140.43319980718348,140.6497821885837,86548600
2022-10-24,147.12753295898438,147.89541049964913,143.73114921809554,144.90265893368223,75981900
2022-10-25,149.97262573242188,150.12030373846804,147.03893927663933,147.75759083673032,74732300
2022-10-26,147.02908325195312,149.62805663114864,145.73942824213276,148.61406419672124,88194300
2022-10-27,142.54977416992188,146.7337280888014,141.89018794295697,145.76896174416086,109180200
2022-10-28,153.3197784423828,155.05242232533004,145.52285843662315,145.89694295512044,164762400
2022-10-31,150.95709228515625,151.84311529516543,149.55916089247586,150.77989669615485,97943200
2022-11-01,148.30886840820312,153.0342786292701,146.81250027183614,152.67003329657965,80379300
2022-11-02,142.77618408203125,149.80522549265257,142.74665149380002,146.63526416809174,93604600
2022-11-03,136.7218017578125,140.58088293366475,136.59381715822644,139.85237716768756,97918500
2022-11-04,136.45553588867188,140.68586767189302,132.51116441667403,140.11393200286335,140814800
2022-11-07,136.98805236816406,137.21484956931474,133.78324977627878,135.20322625521413,83374600
2022-11-08,137.5599822998047,139.4631346891898,135.57794065978277,138.4573305983891,89908500
2022-11-09,132.9943389892578,136.623168532168,132.71823419264956,136.57386087993447,74917800
2022-11-10,144.82748413085938,144.82748413085938,137.55998303216782,139.2757903878347,118854000
2022-11-11,147.6180877685547,147.92377412623946,142.36221138817493,143.7920579720531,93979700
2022-11-14,146.2178497314453,148.19003547375948,145.37966477232854,146.898256219997,73374100
2022-11-15,147.953369140625,151.45400187502815,146.49395589081533,150.1030594439155,89868300
2022-11-16,146.7207489013672,147.78573098764542,145.24160962263343,147.05603190661645,64218300
2022-11-17,148.62393188476562,149.3733571163338,144.11747984279026,144.39358466739876,80389400
2022-11-18,149.1859893798828,150.57638399086812,147.88435456599078,150.1918083587428,74829600
2022-11-21,145.95162963867188,148.27880988198416,145.66566926933072,148.07173876370618,58724100
2022-11-22,148.09146118164062,148.32812895303292,144.88665846281648,146.06998227319062,51804100
2022-11-23,148.9690704345703,149.71849566611712,147.26311878314957,147.3715896104273,58301400
2022-11-25,146.0502166748047,146.80951240345237,145.07397930940053,146.2474322409697,35195900
2022-11-28,142.21435546875,144.60069908904606,141.38604083292904,143.12155936225687,69246000
2022-11-29,139.20677185058594,142.79615040936903,138.39818327049008,142.28337774480352,83763800
2022-11-30,145.9713134765625,146.65171990434524,138.59534367211867,139.4335135097931,111380900
2022-12-01,146.24745178222656,147.05605527210508,144.5710966759583,146.1488515092609,71250400
2022-12-02,145.75442504882812,145.94178515343853,143.6244602489213,143.9301617623625,65447400
2022-12-05,144.59080505371094,148.82113692482218,143.74276456774905,145.71495034472244,68826400
2022-12-06,140.92254638671875,145.25149381357704,139.94630895435972,145.02469664926164,64727200
2022-12-07,138.9799346923828,141.37613319907325,138.05300496587287,140.21255080814953,69721100
2022-12-08,140.66616821289062,141.52407940202735,139.1377360156072,140.380207847569,62128300
2022-12-09,140.18299865722656,143.54557973820909,138.94051172185388,140.36048819280174,76097000
2022-12-12,142.48057556152344,142.4904310742392,139.09826892356506,140.71546075742316,70462700
2022-12-13,143.44691467285156,147.88433208270283,142.23402479386834,147.4208672828363,93886200
2022-12-14,141.21836853027344,144.62038597056736,139.19687510886934,143.3286067000526,82291200
2022-12-15,134.60169982910156,139.8279959453362,134.13823489702543,139.14758934094417,98931900
2022-12-16,132.6393585205078,135.7356898104224,131.8702072160859,134.78904899571134,160156900
2022-12-19,130.5291290283203,133.31977409731115,129.49374338835526,133.23102933615738,79592600
2022-12-20,130.46009826660156,131.39688354522443,128.0836106828586,129.56275008486864,77432800
2022-12-21,133.56626892089844,134.90735575255198,130.90382132695478,131.13061846159687,85928000
2022-12-22,130.3910675048828,132.68866590052642,128.48791532003168,132.48159480562174,77852100
2022-12-23,130.02621459960938,130.57842423400893,127.83708708710822,129.09928483618836,63814900
2022-12-27,128.2216796875,129.58249292838534,126.92990018333715,129.55291134024313,69007800
2022-12-28,124.28715515136719,129.20775681904706,124.1195211570346,127.86666981780208,85438400
2022-12-29,127.80751037597656,128.6654064445158,125.95365830174214,126.2100370570361,75703700
2022-12-30,128.123046875,128.14277294659772,125.657822079017,126.62419645842127,77034200
2023-01-03,123.33063507080078,129.07955079083166,122.44314998227297,128.46817802573926,112117500
2023-01-04,124.60270690917969,126.87072372434358,123.34050912530462,125.1253349737568,89113600
2023-01-05,123.28133392333984,125.99308946159266,123.02495518012978,125.36199059273537,80962700
2023-01-06,127.81736755371094,128.4780480462767,123.15315196037015,124.25757880895641,87754700
2023-01-09,128.33998107910156,131.55465346679887,128.08360234953716,128.65553802002677,70790800
2023-01-10,128.9119110107422,129.43453900512318,126.33820813140562,128.44844617850507,63896200
2023-01-11,131.633544921875,131.6532559460779,128.64568467754964,129.4246914378982,69458900
2023-01-12,131.5546417236328,132.3928115608032,129.61203773839415,132.0181065351313,71379600
2023-01-13,132.88589477539062,133.0436732754904,129.82901533053348,130.19386494625152,57809700
2023-01-17,134.0494842529297,135.38070076927318,132.26465833803292,132.95492042575748,63646600
2023-01-18,133.3296356201172,136.68234566241608,133.15213106325567,134.91724588612811,69672800
2023-01-19,133.3887939453125,134.35516079708475,131.90965456039046,132.21534095915428,58280400
2023-01-20,135.95262145996094,136.1005444209002,132.35338844252215,133.3986444948596,80223600
2023-01-23,139.14759826660156,141.32687064316994,135.98223278773898,136.19917447397063,81760300
2023-01-24,140.54782104492188,141.16906439218428,138.34883807200805,138.35869358432294,66435100
2023-01-25,139.8871612548828,140.44922647148869,136.87957443059517,138.93064978868992,65799300
2023-01-26,141.95791625976562,142.24387653143023,139.9265525935683,141.1788945757265,54105100
2023-01-27,143.9005584716797,145.182482507532,141.09020217222798,141.16909142560513,70555800
2023-01-30,141.01129150390625,143.5258315295515,140.863383580403,142.94404030165967,64015300
2023-01-31,142.28335571289062,142.3326633733732,140.30131415280843,140.71547141700836,65874500
2023-02-01,143.4075164794922,144.571114195543,139.3546881653997,141.967828937729,77663600
2023-02-02,148.72256469726562,149.07754375931228,146.10940902226113,146.82925275349945,118339000
2023-02-03,152.35134887695312,155.1913011660709,145.77411121969988,145.97132678498124,154357300
2023-02-06,149.61990356445312,150.97086135861267,148.6831181180358,150.4482332133508,69858300
2023-02-07,152.49928283691406,153.07121860652774,148.54505515759215,148.54505515759215,83322600
2023-02-08,149.80723571777344,152.43024651571073,149.0676660222592,151.73998447588093,64120100
2023-02-09,148.77183532714844,152.1837234806971,148.32809651858278,151.64136936063508,56007100
2023-02-10,149.1372528076172,149.46316214008027,147.3694580195322,147.60648709847575,57450700
2023-02-13,151.94204711914062,152.3469510828992,149.0483754519819,149.07800220373113,62199000
2023-02-14,151.30010986328125,151.86304832604316,148.98913264360064,150.23350151506878,61707600
2023-02-15,153.4036865234375,153.57157647071767,150.98407305919312,151.21121650909475,65573800
2023-02-16,151.80377197265625,154.39127521881363,151.44823591009165,151.60624021713144,68167900
2023-02-17,150.65817260742188,151.10258897284194,148.97925796607987,150.46065589718617,59144100
2023-02-21,146.63864135742188,149.4236767462983,146.56951728902385,148.33731221810694,58867200
2023-02-22,147.06332397460938,148.09041997762213,145.33502627380787,147.02381158820887,51011300
2023-02-23,147.54722595214844,148.47557105445037,145.41402441253163,148.22867140254277,48394200
2023-02-24,144.89059448242188,145.3646375819345,143.91286646196608,145.2856278870893,55469600
2023-02-27,146.08554077148438,147.32003866375578,145.62136835842597,145.87815356453322,44998500
2023-02-28,145.58192443847656,147.23121241896578,145.0091153980784,145.22638831235219,50547000
2023-03-01,143.50794982910156,145.40413732845008,143.2116672358624,145.0091039171703,55479000
2023-03-02,144.10049438476562,144.89057616376812,142.1154118429578,142.5894699520932,52238100
2023-03-03,149.1570281982422,149.23603790139376,145.5029160774519,146.2041027048871,70732300
2023-03-06,151.9222869873047,154.36165661510182,151.55688034550414,151.88277460629178,87558000
2023-03-07,149.71995544433594,152.11981283549997,149.25578289163562,151.79390348554702,56182000
2023-03-08,150.97418212890625,151.56674727343432,149.9470862905562,150.91492862836495,47204800
2023-03-09,148.72244262695312,152.6234533766544,148.3669065925505,151.65561114338573,53833600
2023-03-10,146.6584014892578,149.06814463866203,145.77943928176788,148.3472018339828,68572400
2023-03-13,148.60398864746094,151.24087556424058,145.86833582551114,145.97697229337373,84457100
2023-03-14,150.69766235351562,151.49761478500946,148.23855155589501,149.4039106364519,73695900
2023-03-15,151.0927276611328,151.34949789320206,148.06079247647403,149.31504702106903,77167900
2023-03-16,153.917236328125,154.5196720318581,149.7594399024329,150.27299535550645,76161100
2023-03-17,153.07778930664062,154.79621636647911,152.36671707978053,154.1443976469308,98944600
2023-03-20,155.44801330566406,155.86281797805782,152.23831786199295,153.14692183341302,73641400
2023-03-21,157.30470275878906,157.42320976774403,154.59867718770118,155.36901795458434,73938300
2023-03-22,155.87269592285156,160.12924367096628,155.8529397304782,157.32446713632558,75701800
2023-03-23,156.9590301513672,159.54654859691777,155.72453196517867,156.86027933820688,67622100
2023-03-24,158.2626495361328,158.35152977877317,155.89241931505222,156.88988831142535,59196500
2023-03-27,156.3170928955078,158.77621864094067,155.9121738846932,157.95651005912973,52390300
2023-03-28,155.6949005126953,156.52449472162644,154.04561279409856,156.01093927220384,45992200
2023-03-29,158.77622985839844,159.05275625859912,157.37384166607825,157.39358278783644,51305700
2023-03-30,160.3465118408203,160.45514829132492,159.27003296644855,159.5268031814781,49501700
2023-03-31,162.85498046875,162.95374634284104,159.9020707098414,160.42549668949934,68749800
2023-04-03,164.1092529296875,164.22775993608965,162.18343872786127,162.23282167038158,56976200
2023-04-04,163.57594299316406,164.7709287291007,163.0623875580335,164.53391473562277,46278300
2023-04-05,161.72914123535156,163.00315186770885,159.79345641920935,162.69699871298138,51511700
2023-04-06,162.61801147460938,162.91429410929996,159.99099522034615,160.41565544340602,45390100
2023-04-10,160.0205841064453,160.0205841064453,158.09477004106023,159.41814841731897,47716900
2023-04-11,158.80587768554688,160.34652928242556,158.51946561689908,160.33665872023656,47644200
2023-04-12,158.114501953125,160.05018628127976,157.79846324755815,159.22060728349916,50133100
2023-04-13,163.50682067871094,163.74384976611952,159.4181631056541,159.62556544083142,68445600
2023-04-14,163.16114807128906,164.25738296375815,161.78838681581487,162.54882677930067,49386500
2023-04-17,163.18092346191406,163.3389428652635,161.99580807591275,163.04266025137323,41516200
2023-04-18,164.405517578125,165.33386254581205,163.59567960391064,164.0401109685465,49923000
2023-04-19,165.55116271972656,166.07458878664085,163.48707013576512,163.74385542338587,47720200
2023-04-20,164.58328247070312,165.78815383509277,163.50680373238094,164.03022972696172,52456400
2023-04-21,162.97352600097656,164.38578477260316,162.45009994594136,163.00315275355902,58337300
2023-04-24,163.27967834472656,163.54633418620037,161.85753394961128,162.95376899838274,41949600
2023-04-25,161.739013671875,164.2475072794641,161.69950129216383,163.1414017604714,48714100
2023-04-26,161.72914123535156,163.23029532612622,160.78105501874768,161.0378252295865,45498800
2023-04-27,166.32147216796875,166.4696059197472,163.14140369362494,163.14140369362494,64902300
2023-04-28,167.57571411132812,167.74361912541863,165.79804878354395,166.40048449959994,55275900
2023-05-01,167.4868621826172,168.3361976788922,166.54864641883398,167.1807089926042,52472900
2023-05-02,166.44984436035156,168.237410301642,165.46224586153255,167.98062504743248,48425700
2023-05-03,165.37338256835938,168.80035091617836,165.08698560494395,167.39796271242133,65136000
2023-05-04,163.73394775390625,164.96844587189068,162.27230620168868,162.8451151367803,81235400
2023-05-05,171.41748046875,172.13842316096267,168.64231599957478,168.85958887715515,113453200
2023-05-08,171.34835815429688,171.69402369424722,169.9755966946327,170.34100335662225,55962800
2023-05-09,169.6398162841797,171.38785496168964,169.47192632998963,170.9039412906591,45326900
2023-05-10,171.40760803222656,171.87178057282452,169.76819076413835,170.87431142683658,53724500
2023-05-11,171.59524536132812,172.42482451357537,170.03483786854437,171.6940112425966,49514700
2023-05-12,170.66561889648438,172.13916641173466,169.11293731632776,171.70401959715826,45533100
2023-05-15,170.171142578125,171.29856159606754,169.57775779377548,171.24911034897144,37266700
2023-05-16,170.171142578125,171.2293268320526,169.90411791612752,170.0920236008516,42110300
2023-05-17,170.78428649902344,171.0216283275313,168.5393327985131,169.81510548834717,57951600
2023-05-18,173.11825561523438,173.30616130301183,170.6755118549318,171.09087517456516,65496700
2023-05-19,173.22703552246094,174.44345770293714,173.00946211256743,174.44345770293714,55809500
2023-05-22,172.27761840820312,172.781999977239,171.5358950094103,172.0600450039918,43570900
2023-05-23,169.66676330566406,171.46668610985583,169.3898544266195,171.2194449613945,50747300
2023-05-24,169.94363403320312,170.51723517971112,168.6382089093977,169.20191075433223,45143500
2023-05-25,171.0810089111328,171.98095531956056,169.79535178285977,170.50740757419857,56058300
2023-05-26,173.4940643310547,173.83032378662378,171.1996741500605,171.40736336995897,54835000
2023-05-30,175.3434295654297,177.01478218217846,174.62148962052487,175.00718521743593,55964400
2023-05-31,175.29397583007812,177.37080753192686,174.80937774220615,175.37309480914308,99625300
2023-06-01,178.10263061523438,178.13229834590607,174.97749886766357,175.73900583250884,68901800
2023-06-02,178.953125,179.77396735384346,177.28177256425622,179.03224397161875,61996900
2023-06-05,177.5982666015625,182.90900173212887,176.07525265044882,180.61461168229852,121946500
2023-06-06,177.2323455810547,178.13229186267904,175.47197477965813,177.9839532147194,64848400
2023-06-07,175.85769653320312,179.21028600208987,175.36321422162453,176.47084977063176,61944600
2023-06-08,178.5773468017578,178.84435638126445,175.50166626223591,175.93679801452896,50214900
2023-06-09,178.9630584716797,180.21903277362324,178.636698310342,179.4970927690662,48900000
2023-06-12,181.7617950439453,181.86069753893617,178.97292275194738,179.26961514651788,54274900
2023-06-13,181.28707885742188,182.11780541012092,180.42668457715504,180.782712398369,54929100
2023-06-14,181.92002868652344,182.35517550952275,180.01133431975106,181.34642742806082,57462900
2023-06-15,183.95729064941406,184.46167222814515,181.75190392659053,181.92992539273135,65433200
2023-06-16,182.87933349609375,184.92649747799743,182.2365125370702,184.66935702206612,101256200
2023-06-20,182.9683380126953,184.0463209118931,182.37496829785866,182.37496829785866,49799100
2023-06-21,181.92994689941406,183.363942649416,180.57505504326872,182.85956101105992,49515700
2023-06-22,184.93637084960938,184.98582209518955,181.64311708726814,181.7123518491607,51245300
2023-06-23,184.61990356445312,185.49019723798705,182.96833449974372,183.5023838322858,53117000
2023-06-26,183.22544860839844,185.97476858314397,183.18588157961648,184.7682307420945,48088700
2023-06-27,185.98468017578125,186.31104030447904,183.62105538648717,183.83862880561904,50730800
2023-06-28,187.1615447998047,187.80436573389431,185.5297592960992,185.8561043245189,51216800
2023-06-29,187.49777221679688,187.97248603247579,186.8549513406989,186.9934057643385,46347300
2023-06-30,191.8294677734375,192.3338342950544,189.14936702429083,189.51529419368583,85213200
2023-07-03,190.33615112304688,191.7404791738125,189.64386376682972,191.6415766685233,31458200
2023-07-05,189.21859741210938,190.8503829545932,188.51642591121868,189.45595434700246,46920300
2023-07-06,189.69329833984375,189.90098754652763,187.1121001189567,187.74503686210437,45094300
2023-07-07,188.5757598876953,190.54380484505052,188.14062814608695,189.29771490007704,46815000
2023-07-10,186.52862548828125,187.89340155065938,184.9759437256739,187.17144648236777,59922200
2023-07-11,186.0044403076172,187.21097817460068,184.5407771096242,187.07252375168784,46638100
2023-07-12,187.67581176757812,189.584506155405,186.39015480100775,187.58679348705417,60750200
2023-07-13,188.43731689453125,189.08015296828228,187.68570919657313,188.39776494849258,41342300
2023-07-14,188.58566284179688,189.07024584013215,187.53736277551775,188.13073248396137,41616200
2023-07-17,191.84922790527344,192.17558799962066,189.69327745817978,189.78228064107432,50520200
2023-07-18,191.5921173095703,192.185502135392,190.296576033276,191.21632100425936,48288200
2023-07-19,192.94700622558594,196.0424552700726,190.52403079875788,190.96907695660155,80507300
2023-07-20,190.9987335205078,194.3018715848771,190.3756810082794,192.9370956401489,59581200
2023-07-21,189.82188415527344,192.8184459451999,189.11971258876892,191.95805149771712,71951700
2023-07-24,190.62290954589844,192.75907651192222,190.12842729026707,191.27562974502808,45377800
2023-07-25,191.48333740234375,192.2942956871053,190.79106514120798,191.19654428358876,37283200
2023-07-26,192.3535919189453,193.48101082580538,191.1866210725465,191.53274958731205,47471900
2023-07-27,191.08775329589844,195.02382842734414,190.4251487828704,193.85685736898512,47460200
2023-07-28,193.6689453125,194.4601200346163,191.99759267326004,192.5217427199515,48291400
2023-07-31,194.28207397460938,194.32164100543085,193.10520379928346,193.89637842130432,38824100
2023-08-01,193.45135498046875,194.55899044039094,193.12499487022708,194.07440747187567,35175100
2023-08-02,190.45480346679688,193.026102358892,189.73286353794578,192.88764791924382,50389300
2023-08-03,189.0603485107422,190.2471029357017,188.58564975883863,189.4559433793295,61235200
2023-08-04,179.981689453125,185.31220853119976,179.91245468139763,183.47273360328953,115956800
2023-08-07,176.87632751464844,181.10909486166798,175.39288059142936,180.1201302461886,97576100
2023-08-08,177.8158416748047,178.2806562533865,175.6203390114105,177.7070549630004,67823000
2023-08-09,176.2235870361328,178.93334011391454,175.0566010766963,178.8740046582552,60378500
2023-08-10,176.00604248046875,178.75536303948698,175.64013038367378,177.4993736907431,54686900
2023-08-11,176.06544494628906,176.88739582771854,174.83748251539495,175.60001780962375,52036700
2023-08-14,177.71926879882812,177.94703359876078,175.59011444303226,176.24371615843643,43675600
2023-08-15,175.72872924804688,177.73903700795614,175.33261529851168,177.14486608365337,43622600
2023-08-16,174.85728454589844,176.80816171418965,174.78795629022963,175.4118501481314,46964900
2023-08-17,172.31219482421875,175.78814227993055,171.79723460866867,175.42173612638558,66062900
2023-08-18,172.7974853515625,173.4015690710498,170.29202708322546,170.62872552076746,61172200
2023-08-21,174.13436889648438,174.42156439236868,172.05474771785234,173.37184868637627,46311900
2023-08-22,175.5108642578125,175.95649623435884,174.54037449165708,175.34251507159627,42038900
2023-08-23,179.3631591796875,179.78899610380492,176.6002283968818,176.78838784399545,52722800
2023-08-24,174.6691436767578,179.34336155038372,174.30272234931607,178.91752463221655,54945800
2023-08-25,176.8774871826172,177.41224254469248,174.1145567754665,175.6594223889941,51449600
2023-08-28,178.4421844482422,178.83829845949455,176.81809282485807,178.34314839003864,43820700
2023-08-29,182.3340301513672,183.10646293821267,177.75884901223952,177.9569059889832,53003900
2023-08-30,185.82980346679688,186.027875570887,182.9480417259573,183.14609871926743,60813900
2023-08-31,186.04766845703125,187.28554353881972,185.66145203594442,186.0179606639307,60794500
2023-09-01,187.6222381591797,188.07776768138748,186.45367634199346,187.65194594928982,45766500
2023-09-05,187.85992431640625,188.1372071331358,185.7902007519677,186.453699999912,45280000
2023-09-06,181.13580322265625,187.01818850408822,179.70976859554776,186.57254135003106,81755800
2023-09-07,175.8376922607422,176.48139642487362,171.85668142571674,173.48077306769622,112488800
2023-09-08,176.45166015625,178.4916910043361,176.06544373133067,176.62002446653017,65551300
2023-09-11,177.62022399902344,178.5511084974291,175.619813594627,178.3233437087065,58953100
2023-09-12,174.58990478515625,178.38275585399316,173.12426491742679,177.7489644157226,90370200
2023-09-13,172.52020263671875,175.5802265952459,172.2924227134037,174.7978809836157,84267900
2023-09-14,174.0353240966797,174.39183269426235,171.89627251118375,172.31219668990042,60895800
2023-09-15,173.31240844726562,174.78796097983732,172.13396406629226,174.76815074757482,109259500
2023-09-18,176.2436981201172,177.64002479353724,174.46115503817452,174.76814563074643,67257600
2023-09-19,177.33302307128906,177.88758863735939,175.41183870970377,175.79805509398693,51826900
2023-09-20,173.78778076171875,177.95693597912128,173.69864226300012,177.52120149038592,58436200
2023-09-21,172.2428741455078,174.5898954535224,172.17356100214752,172.856870429388,63149100
2023-09-22,173.09454345703125,175.36233909077248,172.36173107244514,172.97571228348323,56725400
2023-09-25,174.3720245361328,175.25339092524624,172.46073769252675,172.51025571431984,46172700
2023-09-26,170.2919921875,173.50055447022797,169.99489916963813,173.1242507509963,64588900
2023-09-27,168.77685546875,171.36153958960574,167.41025147102962,170.9456153197968,66921800
2023-09-28,169.03431701660156,170.36131544966938,165.99408862675534,167.69740591218968,56294400
2023-09-29,169.54928588867188,171.39124466953126,168.68771453081845,170.35142654777866,51861100
2023-10-02,172.06463623046875,172.6093042881744,169.2719827950215,169.55917827580257,52164500
2023-10-03,170.72772216796875,171.9458021063211,169.1630613901914,170.58908076573104,49594600
2023-10-04,171.97549438476562,172.52016238398562,169.3115850792172,169.43041623876405,53020300
2023-10-05,173.21340942382812,173.7481648763392,171.00502912591972,172.10426293848624,48527900
2023-10-06,175.76837158203125,176.26352163595584,171.5001654241457,172.1141617663429,57266700
2023-10-09,177.25381469726562,177.3132302836497,174.09475506108697,175.09495269037185,42390800
2023-10-10,176.65963745117188,177.97673842144718,176.2239029815132,176.37245706568626,43698000
2023-10-11,178.0559539794922,178.10547200469523,175.87729686757618,176.4714678376734,47551100
2023-10-12,178.9571533203125,180.57133234869775,177.3033387116547,178.32336180549302,56743100
2023-10-13,177.1151885986328,180.16529977566205,176.41206884050376,179.6602521369707,51427100
2023-10-16,176.98641967773438,177.34292828713865,174.79784999846225,175.0355274416581,52517000
2023-10-17,175.43165588378906,176.6893412361662,173.1044597256959,174.93650583601004,57549400
2023-10-18,174.13436889648438,175.85749653944856,173.4114540423014,173.87689630601963,54764400
2023-10-19,173.75804138183594,176.11494506219307,173.4906561558451,174.33240207355175,59302900
2023-10-20,171.20309448242188,173.7184502104905,170.96541700693638,173.60951658974062,64244000
2023-10-23,171.32191467285156,172.32211231863303,168.2816861592976,169.25219112217718,55980100
2023-10-24,171.75765991210938,171.98542471489895,169.78695717971306,171.37144345921354,43816600
2023-10-25,169.4403533935547,171.38133313025827,168.99470625930118,170.2127862637829,57157000
2023-10-26,165.2711639404297,169.71761631425704,164.06299674951495,168.71740365821697,70625300
2023-10-27,166.58828735351562,167.321114882013,165.2117707914918,165.29099661436564,58499100
2023-10-30,168.63819885253906,169.50966778359705,167.23197451155576,167.3805285943209,51131000
2023-10-31,169.11354064941406,169.24226937820893,166.27136928302133,167.70731641765212,44846000
2023-11-01,172.2825164794922,172.53998907588377,168.46985489806465,169.34132385628374,56934900
2023-11-02,175.8476104736328,176.05556504970008,173.75807648633753,173.8174920794996,77334800
2023-11-03,174.93650817871094,175.10487249469713,171.66852990822986,172.5498964006483,79829200
2023-11-06,177.49147033691406,177.6895273209714,174.50077512285628,174.66912431484397,63841300
2023-11-07,180.05638122558594,180.67036248552094,177.23401974281032,177.4419743130807,70530000
2023-11-08,181.11598205566406,181.67054768588966,179.82858892219454,180.5812266581694,49340300
2023-11-09,180.64064025878906,182.3340449245472,180.04645416963677,181.18530832204868,53763500
2023-11-10,184.8351287841797,185.00371491529177,181.98922784820692,182.425536381392,66133400
2023-11-13,183.24855041503906,184.4682199516521,182.6635072771428,184.25999143916752,43627500
2023-11-14,185.8664093017578,186.53078271340215,184.7359804157126,186.1242211071054,60108400
2023-11-15,186.4315948486328,187.90909130382101,186.20353000343164,186.2729495954029,53790500
2023-11-16,188.1173095703125,189.3568152824047,187.06619601668294,187.97848553578558,54412900
2023-11-17,188.09751892089844,188.78172866103995,186.98692637498098,188.65281519385715,50922700
2023-11-20,189.84271240234375,190.29885721130628,188.28590092727276,188.29581152699646,46505100
2023-11-21,189.0395050048828,189.91212191624118,188.1470668951287,189.80304480232138,38134500
2023-11-22,189.70388793945312,191.31028267101584,189.22792193208022,189.88238464889707,39617700
2023-11-24,188.3751678466797,189.29735306155973,187.66121116968733,189.26760612757576,24048300
2023-11-27,188.19667053222656,189.06928760823715,187.31414285514808,188.3255839995523,40552600
2023-11-28,188.80154418945312,189.47584330827428,187.80993940877178,188.18675406725092,38415400
2023-11-29,187.78018188476562,190.47734794655034,187.3835460471391,189.2973359031836,43014200
2023-11-30,188.35531616210938,188.7222202024886,186.61009727764167,188.2462390361622,48794400
2023-12-01,189.63450622558594,189.95181189166442,187.64137090627887,188.73214223180454,45704800
2023-12-04,187.8396759033203,188.45448112204545,185.87630278327032,188.38506152852514,43389500
2023-12-05,191.79620361328125,192.76797210608754,188.58339853026055,188.61316059527184,66628400
2023-12-06,190.70542907714844,193.1249319103576,190.4971854261922,192.8175368647406,41089700
2023-12-07,192.63905334472656,193.3629205543118,191.96475426663108,192.0044269286476,47477700
2023-12-08,194.06695556640625,194.3446036620394,192.04407357743747,192.56962283922067,53406400
2023-12-11,191.55821228027344,191.86562248491865,189.8129932403368,191.4888078106811,60943700
2023-12-12,193.0753631591797,193.08527375940776,190.11045957675134,191.45904261144975,52696900
2023-12-13,196.29806518554688,196.33772271445184,193.21417408717826,193.45214952198077,70404200
2023-12-14,196.44680786132812,197.94412551234106,194.51318172109634,196.3575670696298,66831600
2023-12-15,195.91136169433594,196.73438033852585,195.34613971264017,195.87168903034603,128538400
2023-12-18,194.2454376220703,194.97923052273018,192.75803062150393,194.44375552934187,55751900
2023-12-19,195.2866668701172,195.29657747183754,194.24547872327412,194.51321627661997,40714100
2023-12-20,193.19436645507812,196.0204310779547,193.19436645507812,195.24698053858313,52242800
2023-12-21,193.04559326171875,195.42545358966169,191.875506993429,194.45368523269553,46482500
2023-12-22,191.9746856689453,193.76948784569112,191.349969834571,193.54140785907617,37149600
2023-12-26,191.42929077148438,192.262235089905,191.21113652656177,191.98458698376479,28919300
2023-12-27,191.52845764160156,191.8755253676685,189.48575421105227,190.87400998463178,48087700
2023-12-28,191.95486450195312,193.02579953233345,191.54830289093405,192.51016078496022,34049900
2023-12-29,190.91366577148438,192.76796185552627,190.12037892679615,192.27215946893213,42672100
2024-01-02,184.08151245117188,186.85800888690832,182.34620407017263,185.57883023572913,82488700
2024-01-03,182.7031707763672,184.31949132166326,181.8900476382689,182.6734238450404,58414500
2024-01-04,180.3828125,181.55289876959398,179.36146088139282,180.62078794157884,71983600
2024-01-05,179.65895080566406,181.22568820887324,178.6574354024576,180.46216340525032,62379700
2024-01-08,184.00218200683594,184.04185467153414,179.97626898919978,180.56131218264795,59144500
2024-01-09,183.585693359375,183.59560395931726,181.19592240352762,182.37593441619447,42841800
2024-01-10,184.62686157226562,184.83509006359006,182.3759149097992,182.80231275270097,46792900
2024-01-11,184.03192138671875,185.4796709750172,182.07845882443647,184.97394287034564,49128400
2024-01-12,184.35914611816406,185.17226924419936,183.63527891547233,184.49797017252533,40477800
2024-01-16,182.08837890625,182.71307958868692,179.41103406753936,180.63071876275188,65603000
2024-01-17,181.14634704589844,181.39424823145328,178.786338048284,179.74819585869176,47317400
2024-01-18,187.04640197753906,187.55211493445296,184.26990575318283,184.52771753168435,78005800
2024-01-19,189.9517822265625,190.33850743054634,187.23479519933252,187.74050811817725,68903000
2024-01-22,192.26223754882812,193.69015075906108,190.64591702187175,190.68558968364889,60133900
2024-01-23,193.54141235351562,194.10663433692045,192.20275498822556,193.38276708914043,42355600
2024-01-24,192.8671112060547,194.73133285541883,192.70845082511164,193.7793857004472,53631300
2024-01-25,192.53988647460938,194.62226243680658,191.48878789336808,193.58107445570798,54822100
2024-01-26,190.8045654296875,193.12491668531047,190.3285994330514,192.63904008919584,44594000
2024-01-29,190.12037658691406,190.5864320350317,187.98843240307312,190.3980247095346,47145600
2024-01-30,186.46136474609375,190.1898085739461,185.89615786346673,189.33702781871273,55859400
2024-01-31,182.8519287109375,185.52927391668564,182.80236057287416,185.46976491576893,55467800
2024-02-01,185.29127502441406,185.38051582576702,182.27680306565713,182.44537406733116,64885400
2024-02-02,184.2897491455078,185.75731994134992,177.74515173237538,178.35003123610636,102551700
2024-02-05,186.10438537597656,187.66121220628375,184.27983613833493,186.5704408518845,69668800
2024-02-06,187.71075439453125,187.72066499351556,185.20199595912217,185.2912367420374,43490800
2024-02-07,187.81983947753906,189.4460704904296,187.02655273524672,189.03950895453542,53439000
2024-02-08,186.739013671875,187.94875754592414,185.77715585449096,187.8000228857875,40962000
2024-02-09,187.50350952148438,188.63538073939827,186.65956394365634,187.30492339729363,45155200
2024-02-12,185.81561279296875,187.32477942159008,185.4581789901372,187.07656192379022,41781900
2024-02-13,183.7206573486328,184.88232857566155,182.20156746712615,184.44546335353002,56529500
2024-02-14,182.83702087402344,184.2071864451767,181.13922150541597,183.9986922104331,54630500
2024-02-15,182.5491180419922,183.1746311244342,180.0570192603535,182.24133069983728,65434500
2024-02-16,181.0101318359375,183.53203018346474,180.37469562592958,182.11221816970058,49752500
2024-02-20,180.26547241210938,181.12926445278407,178.7165976564194,180.49382826711656,53665600
2024-02-21,181.0200958251953,181.58602394146726,179.37192771465521,180.64280031434973,41371400
2024-02-22,183.05543518066406,183.64123998867086,181.1590650140456,182.17178149569722,52292200
2024-02-23,181.21864318847656,183.72066477086588,180.9307023940782,183.6908798817894,45119700
2024-02-26,179.8683319091797,181.45691481099774,179.36195851579282,180.94063332165365,40867400
2024-02-27,181.32786560058594,182.60866132395924,178.27974721589908,179.8087756065873,54318900
2024-02-28,180.12648010253906,181.814356133641,178.84568442217187,181.20870480571682,48953900
2024-02-29,179.46128845214844,181.26831948615475,178.2499855974841,179.97758519757838,136682600
2024-03-01,178.3790283203125,179.24282037465971,176.11528592616577,178.26981201401622,73563100
2024-03-04,173.8515625,175.63871657984365,172.55088992856452,174.89406399657693,81510100
2024-03-05,168.90704345703125,170.8133520831047,168.41060844555398,169.5424796657224,95132400
2024-03-06,167.9141845703125,170.01907946057096,167.47731930724007,169.84035496658896,68587700
2024-03-07,167.79502868652344,169.51268953107953,167.28867044448495,167.9439531253601,71765100
2024-03-08,169.5126953125,172.4615205019895,167.73546463179477,167.79503440936114,76267000
2024-03-11,171.518310546875,173.13669366515666,170.82330450374639,171.70695829072324,60139500
2024-03-12,171.994873046875,172.7891721100731,169.79070034274764,171.91544162555573,59825400
2024-03-13,169.9098663330078,171.9551763303205,169.54249409126064,171.53817270319811,52488700
2024-03-14,171.7665252685547,173.06718266017282,170.82330171470906,171.67717059661035,72913500
2024-03-15,171.38922119140625,171.38922119140625,169.0758321837892,169.94956266563446,121752700
2024-03-18,172.48138427734375,176.44294118443133,172.282813299669,174.31819990832292,75604200
2024-03-19,174.82455444335938,175.35077434046616,171.79629786095623,173.09695515946524,55215200
2024-03-20,177.39608764648438,177.39608764648438,173.84161109695287,174.46712406809783,53423100
2024-03-21,170.14813232421875,176.22450721449738,169.6219124199128,175.78764197696165,106181300
2024-03-22,171.05166625976562,171.81618050845861,168.8474933401544,170.5353695457136,71160100
2024-03-25,169.63186645507812,170.71409125238694,168.24183919385965,169.35386403283357,54288300
2024-03-26,168.49996948242188,170.19776864921857,168.37089153816484,168.7878951080797,57388400
2024-03-27,172.07431030273438,172.36225110852925,168.89712909220745,169.19499314475576,60273300
2024-03-28,170.25735473632812,171.00200728609337,169.29426955996547,170.5254338962422,65672700
2024-04-01,168.81768798828125,170.02899062252595,168.27160644825386,169.969420845431,46240500
2024-04-02,167.63616943359375,168.13260444031488,167.0305181193942,167.87446369081778,49329500
2024-04-03,168.44039916992188,169.46305411699578,167.37803608655156,167.5865303145986,47691700
2024-04-04,167.6163330078125,170.69422114433502,167.6163330078125,169.0758380772312,53704400
2024-04-05,168.37091064453125,169.17513298848516,167.74539764368038,168.3808338913719,42104800
2024-04-08,167.2489776611328,167.99363029110225,167.04048340873945,167.8248441796421,37425500
2024-04-09,168.4602508544922,168.86733118994096,167.14967033425899,167.49716574379335,42373800
2024-04-10,166.583740234375,167.88439761067826,165.91851910107465,167.59647195447172,49709300
2024-04-11,173.79196166992188,174.20898041040104,166.96102623293754,167.13973556457645,91070300
2024-04-12,175.29119873046875,177.08829097776882,172.96788660357228,173.0175179827845,101670900
2024-04-15,171.458740234375,175.37065085788137,171.27009249111015,174.1097015871075,73531800
2024-04-16,168.17233276367188,172.5210932508517,167.0702464097302,170.52542991803605,73711200
2024-04-17,166.8021697998047,169.43326939438703,166.8021697998047,168.4006911997193,50901200
2024-04-18,165.8489990234375,167.4375970919546,165.36250241682455,166.83194578270678,43122900
2024-04-19,163.82354736328125,165.21355928091162,162.91010879598218,165.02492670994252,68149400
2024-04-22,164.65757751464844,166.06745127090076,163.5952143613438,164.33986695337822,48116400
2024-04-23,165.7100067138672,165.85894631264824,163.74412823991455,164.17107024309314,49537800
2024-04-24,167.81491088867188,168.09291330855643,165.0249482926904,165.35258209827205,48251800
2024-04-25,168.67869567871094,169.39356334150216,166.9510963019663,168.3212618473153,50558300
2024-04-26,168.0928955078125,170.1183436596222,167.97374080476908,168.66876193087458,44838400
2024-04-29,172.26296997070312,174.77493022282954,171.8658279731322,172.13389200399433,68169400
2024-04-30,169.11557006835938,173.7423484830038,168.78792110938284,172.0941804408779,65934800
2024-05-01,168.0928955078125,171.47858587357683,167.90424778215495,168.37089789825708,50383100
2024-05-02,171.79632568359375,172.18354444700543,169.67158410871994,171.28002894904594,94214900
2024-05-03,182.072509765625,185.66669440285864,181.3576421366733,185.3191838346203,163224100
2024-05-06,180.41444396972656,182.8866809793933,179.1336329755651,181.04988026799387,78569700
2024-05-07,181.09950256347656,183.5816778461448,180.02721617336002,182.14201921219635,77305800
2024-05-08,181.43707275390625,181.76472167822584,180.1562619452029,181.5462890620128,45057100
2024-05-09,183.25404357910156,183.34339825305352,180.81157644111198,181.25836496086742,48983000
2024-05-10,181.9913787841797,184.01957427538,181.07670119634082,183.83067066594327,50759500
2024-05-13,185.20269775390625,186.01796278299403,183.5522942832241,184.36755931231187,72044800
2024-05-14,186.34603881835938,187.21101770983566,185.2126323262415,186.4255779791011,52393600
2024-05-15,188.62281799316406,189.54743236218252,186.2864023770235,186.82328796013638,70400000
2024-05-16,188.74209594726562,189.99481870677727,188.5631442219314,189.36845732702145,52845200
2024-05-17,188.7719268798828,189.70649303935699,188.08591490450098,188.4140082479681,41282900
2024-05-20,189.9351806640625,190.81009634808845,187.9169216688578,188.23507834324732,44361300
2024-05-21,191.23760986328125,191.61540193588445,189.815871933387,189.98488697096772,42309400
2024-05-22,189.7959747314453,191.7048842739564,189.1696284842733,191.15806201805708,34648500
2024-05-23,185.79922485351562,189.89539287135,185.55067067436462,189.87550428926582,51005900
2024-05-24,188.88128662109375,189.47782271626807,186.9525037733123,187.72800676525614,36327000
2024-05-28,188.8912353515625,191.88382214222983,188.00638309980087,190.40243380522858,52280100
2024-05-29,189.1894989013672,191.13817040866115,188.41401104911338,188.5134387924459,53068000
2024-05-30,190.1837158203125,191.06856812279528,189.52754429358754,189.6567821553814,49889100
2024-05-31,191.13815307617188,191.4563096895504,188.81168973037515,190.33284000805318,75158300
2024-06-03,192.90786743164062,193.86232215027837,191.40660565779223,191.7843976924141,50080500
2024-06-04,193.22604370117188,194.19043522355722,191.91367022597112,193.51435990194162,47471400
2024-06-05,194.7372283935547,195.76127042413225,193.74301165159252,194.269945311189,54156800
2024-06-06,193.3552703857422,195.3635924798522,193.04706561878618,194.55827933508485,41181800
2024-06-07,195.75131225585938,195.80102612161556,193.01721651523073,193.52426153664317,53103900
2024-06-10,192.00314331054688,196.1589774177998,191.03875180216343,195.76128159599278,97010200
2024-06-11,205.9519805908203,205.9619324668351,192.51018190883102,192.53005531977516,172373300
2024-06-12,211.8377685546875,218.92652361101457,205.7034379048798,206.17072098738436,198134300
2024-06-13,213.0010223388672,215.49650115847567,210.37629047483145,213.4981307613781,97862700
2024-06-14,211.26112365722656,213.92561727783075,210.07800329190465,212.61325905037393,70122700
2024-06-17,215.4169464111328,217.6837594401996,211.4897931914233,212.13602802573277,93728300
2024-06-18,213.05068969726562,217.36560169939582,211.76815683093403,216.33160783720555,79943300
2024-06-20,208.4673614501953,213.00100258632773,207.64217489543017,212.6927826496957,86172500
2024-06-21,206.2900390625,210.66458669732776,205.91223184266303,209.17326157128963,241805100
2024-06-24,206.93626403808594,211.46988977828624,205.39522511371305,206.51869484312465,80727000
2024-06-25,207.86090087890625,210.15753911842552,207.40355450398363,207.94042486793816,55549700
2024-06-26,212.0167236328125,213.61741321993355,209.42181728774156,210.2768443064002,66213200
2024-06-27,212.86181640625,214.49233130131694,211.1219370597224,213.4484006592916,49772700
2024-06-28,209.40191650390625,214.8204096554565,209.08377504858177,214.52214161134154,82542700
2024-07-01,215.49647521972656,216.25207446959737,210.6944066158183,210.86342163866271,60402900
2024-07-02,218.99610900878906,219.10547344874152,213.85601067210808,214.8999260337406,58046200
2024-07-03,220.2687225341797,220.2687225341797,217.76329209306175,218.72768354780237,37369800
2024-07-05,225.03102111816406,225.14038557018992,220.36814201808318,220.36814201808318,60412400
2024-07-08,226.50245666503906,226.53228195249955,221.95887904834774,225.77666754871936,59085900
2024-07-09,227.35748291015625,228.07332019577044,225.0608446065374,226.6118203351868,48076100
2024-07-10,231.63259887695312,231.73202661360727,227.92417489200207,227.97388876032915,62627700
2024-07-11,226.25392150878906,231.04603853364384,224.46432825800636,230.0518217466028,64710600
2024-07-12,229.20672607421875,231.29458734662404,227.357482286545,227.59609977127653,53046500
2024-07-15,233.04440307617188,235.8580383346859,231.7419815445035,235.11237576276483,62631300
2024-07-16,233.46197509765625,234.9035862928846,230.98637002864072,233.64092682357534,43234300
2024-07-17,227.55633544921875,230.1214164943178,225.32928445945876,228.1230311101644,57345900
2024-07-18,222.8834991455078,229.10730558155058,220.9845567217071,228.94822726389444,66034600
2024-07-19,223.0127410888672,225.48834608374398,221.9886991219942,223.5198013048721,49151500
2024-07-22,222.664794921875,226.4626951020567,221.799816014305,225.69714393989972,48201800
2024-07-23,223.7086944580078,225.6275405798551,221.392167723929,223.0723963761116,39960300
2024-07-24,217.276123046875,223.4999296447353,215.8742889513949,222.70455320631825,61777600
2024-07-25,216.23220825195312,219.57277716709376,213.3787958392943,217.663867640833,51391200
2024-07-26,216.69949340820312,218.22064384945838,214.76075857434793,217.4352041073067,41601300
2024-07-29,216.97787475585938,218.0317421116191,214.50226952108,215.70527849563507,36311800
2024-07-30,217.5346221923828,219.05577256608925,214.87011348402856,217.92236610782675,41643800
2024-07-31,220.795654296875,222.52559687691686,219.35404306544518,220.1593561933901,50036300
2024-08-01,217.09716796875,223.1817695634113,215.76492117798517,223.07240511518174,62501000
2024-08-02,218.5885009765625,224.29531073215608,216.45094097639597,217.88260039056834,105568600
2024-08-05,208.05975341796875,212.26528622278008,194.86649227009318,197.9386185328084,119548600
2024-08-06,206.03155517578125,208.7756034122137,199.90719086189344,204.11272392226,69660500
2024-08-07,208.60655212402344,212.40445197195865,205.19638100586542,205.703426053809,63516400
2024-08-08,212.07638549804688,212.9612378528938,207.62229843313003,211.87754516998305,47161100
2024-08-09,214.9894561767578,215.52632659839892,210.7441459978426,210.87339904235876,42201600
2024-08-12,216.52230834960938,218.49313190431408,214.60125621149956,215.06908018890428,38028100
2024-08-13,220.24496459960938,220.8620875715453,217.99542439436792,217.99542439436792,44155300
2024-08-14,220.69290161132812,221.99683071433236,218.6822548419691,219.548234966672,41960600
2024-08-15,223.6790008544922,224.3060872818483,221.72807374055304,223.55956160665437,46414000
2024-08-16,225.00283813476562,225.77922361016536,222.6139468974481,222.88270038911833,44340200
2024-08-19,224.8435821533203,224.94312498661264,222.0067784736323,224.6743714872065,40687800
2024-08-20,225.46070861816406,226.11765487642407,224.4056213968942,224.72414631778543,30299000
2024-08-21,225.3511962890625,226.92387876417723,224.00745927475182,225.47065071716546,34765500
2024-08-22,223.48988342285156,227.2822315048041,222.86279698192573,226.73477629352786,43695300
2024-08-23,225.78916931152344,227.16278137803022,223.29080225181497,224.61464290366072,38677300
2024-08-26,226.12757873535156,226.2271215594374,222.8528263811224,225.70952621277567,30602200
2024-08-27,226.97364807128906,227.78985670532606,223.84819475275475,224.95305327681544,35934600
2024-08-28,225.44078063964844,228.79516410710562,224.6345202420592,226.864148811834,38052200
2024-08-29,228.7255096435547,231.8410150307569,227.8197366882459,229.03408635152135,51906300
2024-08-30,227.9391632080078,229.33267166766268,226.42620031745173,229.123652992766,52990800
2024-09-03,221.73802185058594,227.93915711237167,220.14542777805318,227.49124477575393,50190600
2024-09-04,219.82691955566406,220.75260404502964,216.47252073588626,220.6331648046219,43840200
2024-09-05,221.34982299804688,224.43545304440553,220.49380636570692,220.60329739500978,36615400
2024-09-06,219.7970733642578,224.19659618640478,218.75193438162455,222.9125635200513,48423000
2024-09-09,219.8866424560547,220.24497537072617,215.7061019102892,219.79706302441255,67180000
2024-09-10,219.09034729003906,220.45399594379384,215.72600018375593,217.905857501112,51591000
2024-09-11,221.62852478027344,222.05652550259597,216.88061769002928,220.4340868524661,44587100
2024-09-12,221.73802185058594,222.5144072842174,218.80169076819996,221.46926837337423,37455600
2024-09-13,221.4692840576172,223.00214343080088,220.8820208371711,222.54428285449177,36766600
2024-09-16,215.31790161132812,216.213726272445,212.92901053484562,215.53686848493908,59357400
2024-09-17,215.78570556640625,215.89519659483264,213.50632075947794,214.75053008791312,45519300
2024-09-18,219.66766357421875,221.67831024616868,216.5322467283196,216.54221012404864,59894900
2024-09-19,227.8097686767578,228.75538000957175,223.58941994126667,223.94775287051627,66781300
2024-09-20,227.1428680419922,232.01021467188832,226.56555305015522,228.90467282845125,318679900
2024-09-23,225.42088317871094,228.38707413181643,224.7639369712135,226.2868480598011,54146000
2024-09-24,226.31671142578125,228.28755007923567,224.6843092769655,227.59078065470555,43556100
2024-09-25,225.32135009765625,226.2370864319121,222.98224544035924,223.88801837861104,42308700
2024-09-26,226.4660186767578,227.44147457763864,224.36579263659118,226.24703661091274,36636700
2024-09-27,226.73475646972656,228.45675318264773,226.24703611440785,227.40166606122023,34026000
2024-09-30,231.920654296875,231.920654296875,228.58616671135624,228.9743594736852,54541900
2024-10-01,225.16209411621094,228.5861456381701,222.70353511874544,228.45675818805825,63285000
2024-10-02,225.72946166992188,226.31672490502262,221.98688498556473,224.84358511910924,32880600
2024-10-03,224.6245880126953,225.75930638603796,222.28548343692833,224.09704443839323,34044200
2024-10-04,225.74935913085938,226.9437971307691,223.09172964492672,226.8442543024003,37245100
2024-10-07,220.66302490234375,224.6444949275546,220.30469199255066,223.46000516495792,39505400
2024-10-08,224.72413635253906,224.93315503301397,222.2158058701156,223.26094483680066,31855700
2024-10-09,228.47666931152344,228.68570318762718,223.78849648056692,224.1866374402548,33591100
2024-10-10,227.97897338867188,228.43684913724616,226.11764095959848,226.72481576308653,28183500
2024-10-11,226.4958953857422,228.34727968813561,226.28686151162026,228.23778864704394,31759200
2024-10-14,230.228515625,230.65651637799863,227.54102629778745,227.64055393917852,39882100
2024-10-15,232.76670837402344,236.3898456598821,231.29355345996072,232.52781469355565,64751400
2024-10-16,230.70628356933594,231.0447048824563,228.7752681420796,230.52712470524975,34082200
2024-10-17,231.07456970214844,232.76670668063704,229.4521309302649,232.348638945834,32993800
2024-10-18,233.91136169433594,235.0858880500012,232.92594240501305,235.0858880500012,46431500
2024-10-21,235.384521484375,235.75281781754072,233.36392650842956,233.36392650842956,36254500
2024-10-22,234.76739501953125,235.12572795126604,231.52250221800776,232.80651969699693,38846600
2024-10-23,229.69100952148438,234.05072423456664,226.7049068825192,232.99563706556216,52287000
2024-10-24,229.5019073486328,229.75074924052936,227.35190975750177,228.9146289407981,31109500
2024-10-25,230.3380126953125,232.13962556438537,228.5065400142299,228.6757506783198,38802300
2024-10-28,232.3187713623047,233.64261197661628,231.47271808946843,232.23915532682838,36087100
2024-10-29,232.5875244140625,233.2444706163013,231.24378738741356,232.0201728307493,35417200
2024-10-30,229.03407287597656,232.38845656475567,228.48661770128336,231.5324398883544,47070900
2024-10-31,224.8634796142578,228.76531846185907,224.32597264925337,228.27758291037028,64370100
2024-11-01,221.87738037109375,224.30607958110733,219.2496106921502,219.9463649274566,65276700
2024-11-04,220.98153686523438,221.75792231303782,218.69220372782075,219.96627293386246,44944500
2024-11-05,222.41488647460938,222.91257027302564,220.11558975602287,220.77253601507735,28111300
2024-11-06,221.68826293945312,225.02275032206146,220.16535179621147,221.5787719009408,54561100
2024-11-07,226.42620849609375,226.82436463330757,223.52970043689453,223.5894200604507,42137700
2024-11-08,226.15716552734375,227.8511489598711,225.60910803907555,226.366414165256,38328800
2024-11-11,223.43682861328125,224.90163000948098,220.71648967954502,224.20410915529405,42005600
2024-11-12,223.43682861328125,224.79201850347917,222.56991092342136,223.7557039779463,40398300
2024-11-13,224.32366943359375,225.8482560889112,221.97201694486657,223.21759527142092,48566200
2024-11-14,227.41270446777344,228.06039910056816,224.20409355692922,224.22402706703753,44923900
2024-11-15,224.20408630371094,226.1172926822584,223.47667285882866,225.59912786989784,47923700
2024-11-18,227.21340942382812,228.92732633570628,224.3734848929754,224.45320372664565,44633700
2024-11-19,227.4724884033203,229.34584301691135,225.8582238051146,226.17708394083317,36211800
2024-11-20,228.18994140625,229.11664435033194,225.0909420304879,227.25326410482543,35169600
2024-11-21,227.71163940429688,229.34583747298603,224.9115819089953,228.07036655131708,42108300
2024-11-22,229.05686950683594,229.90386885981255,227.2532745036032,227.2532745036032,38168300
2024-11-25,232.04624938964844,232.42491005721112,228.92733167542056,230.64124862727573,90152800
2024-11-26,234.22850036621094,234.73670603206307,232.50462429580293,232.50462429580293,45986200
2024-11-27,234.09896850585938,234.85628986853752,232.9829351774668,233.640604190904,33498400
2024-11-29,236.490478515625,236.96877632211965,233.14236346053607,233.97938842310504,28481400
2024-12-02,238.7424774169922,239.93822952974793,236.32108052902282,236.4306920263062,48137100
2024-12-03,241.79165649414062,241.90126799408412,238.05492154808562,238.96170621081686,38861000
2024-12-04,242.15037536621094,243.24649032811607,240.39660663197557,242.01087120786053,44383900
2024-12-05,242.18028259277344,243.67497660990782,241.27351311137042,243.1269343008096,40033900
2024-12-06,241.98098754882812,243.7646642163996,241.22368140458013,242.05074723300527,36870600
2024-12-09,245.8771514892578,246.36542364679892,240.89483838917155,240.97455722335047,44649200
2024-12-10,246.8935546875,247.33200068563022,244.47214254503118,246.0166626912396,36914800
2024-12-11,245.61807250976562,249.91282389632013,245.38887516358946,247.0828737526952,45205800
2024-12-12,247.08290100097656,247.86014070071687,244.81095202694985,246.01667859977562,32777500
2024-12-13,247.2522735595703,248.40815863747187,245.36895982515324,246.9433725816478,33155300
2024-12-16,250.1519775390625,250.490786396497,246.7739697560149,247.1127786134494,51694800
2024-12-17,252.58334350585938,252.93211150871377,248.89643481128522,249.1953766416157,51356400
2024-12-18,247.1725616455078,253.38051965426092,246.86366065893745,251.26802371656945,56774100
2024-12-19,248.90640258789062,251.1085917693189,246.21595643132494,246.6245097734382,60882300
2024-12-20,253.58978271484375,254.09797318748596,244.82090844231297,247.1625865233097,147495300
2024-12-23,254.36703491210938,254.74568039470608,252.55346551957817,253.8688035675433,40858800
2024-12-24,257.2866516113281,257.2965955586333,254.38692663500538,254.58623131585566,23234700
2024-12-26,258.1037292480469,259.1799258751944,256.7186620602343,257.27667867815336,27237100
2024-12-27,254.68588256835938,257.78489719249416,252.16483330495137,256.917949151404,42355300
2024-12-30,251.30787658691406,252.60328106925755,249.86300878941353,251.33776924994547,35557500
2024-12-31,249.5341796875,252.38406352835983,248.54767617168994,251.5470385357527,39480700
